Unnamed: 0,productID,productName,productDes,image,price,sold_units,rating,no_review,link,shipmentOrigin,delivery_fee,brand,CatID,PlatID
0,,กระโปรง สั้น เอว สูง เอว สูง มี จีบ สำหรับ ผู้หญิง ROK MINI มี ระบายสี ขาว สง่างาม ฤดูร้อน กระโปรง สั้น กระโปรง ทู ทู ทู่ ทรง เอ ไลน์ จับ จีบ สุด เซ็กซี่ แนว สตรีท สำหรับ งาน ปาร์ตี้,,https://ae-pic-a1.aliexpress-media.com/kf/S8b3c0c468c854041a845b3d0b4906e1dB.jpg_80x80.jpg_.webp,249.51,900,0,0,//th.aliexpress.com/item/1005007125516523.html?algo_pvid=b7d166bd-4291-4791-b0ca-ff8befb39446&algo_exp_id=b7d166bd-4291-4791-b0ca-ff8befb39446-0&pdp_npi=4%40dis%21THB%21268.12%21249.51%21%21%2152.49%2148.85%21%402151f84517218098405694539ee0aa%2112000039484235604%21sea%21TH%210%21ABX&curPageLogUid=scUKYlw0RaR7&utparam-url=scene%3Asearch%7Cquery_from%3A,Oversea,0,No brand,,
1,,ชุด มินิ เด รส เอว สูง สีเทา สำหรับ ผู้หญิง กระชับ สัดส่วน อเนกประสงค์ กัน การ เปิดรับ แสง การ ออกแบบ กระโปรง แนว ใหม่ ฤดูใบไม้ผลิ ฤดูใบไม้ร่วง ,,https://ae-pic-a1.aliexpress-media.com/kf/S5c2f6db77b2e4d47bf811096afccecfaH.jpg_80x80.jpg_.webp,115.39,431,0,0,//th.aliexpress.com/item/1005007006746589.html?algo_pvid=b7d166bd-4291-4791-b0ca-ff8befb39446&algo_exp_id=b7d166bd-4291-4791-b0ca-ff8befb39446-1&pdp_npi=4%40dis%21THB%21342.44%21115.39%21%21%219.20%213.10%21%402151f84517218098405694539ee0aa%2112000039036856860%21sea%21TH%210%21ABX&curPageLogUid=GUq31itjIkkz&utparam-url=scene%3Asearch%7Cquery_from%3A,Oversea,0,No brand,,
2,,กระโปรง JK ลาย สก็อต สำหรับ ผู้หญิง กระโปรง พลี ท สไตล์ ญี่ปุ่น สำหรับ เด็กนักเรียน ผู้หญิง เซ็กซี่ ROK MINI,,https://ae-pic-a1.aliexpress-media.com/kf/Sb31060c35440410dbd22510eeeb6a277I.jpg_80x80.jpg_.webp,92.68,600,0,0,//th.aliexpress.com/item/1005006421251595.html?algo_pvid=b7d166bd-4291-4791-b0ca-ff8befb39446&algo_exp_id=b7d166bd-4291-4791-b0ca-ff8befb39446-2&pdp_npi=4%40dis%21THB%2192.68%2192.68%21%21%212.49%212.49%21%402151f84517218098405694539ee0aa%2112000038305593763%21sea%21TH%210%21ABX&curPageLogUid=CvqTUG5JdLAS&utparam-url=scene%3Asearch%7Cquery_from%3A,Oversea,0,No brand,,
3,,Traf แฟชั่น สำหรับ ผู้หญิง กระโปรง ยาว เอว สูง เอว สูง ตกแต่ง โบว์ ผ้า ซาติน ใหม่ ฤดูใบไม้ผลิ,,https://ae-pic-a1.aliexpress-media.com/kf/S71d5a4699ffe436b9893f0ef1c2d940et.jpg_80x80.jpg_.webp,212.49,4000,0,0,//th.aliexpress.com/item/1005006982713620.html?algo_pvid=b7d166bd-4291-4791-b0ca-ff8befb39446&aem_p4p_detail=202407240130404982519327813610000310846&algo_exp_id=b7d166bd-4291-4791-b0ca-ff8befb39446-3&pdp_npi=4%40dis%21THB%21570.87%21212.49%21%21%21111.76%2141.60%21%402151f84517218098405694539ee0aa%2112000038935960895%21sea%21TH%210%21ABX&curPageLogUid=pr2CHDj8h9xm&utparam-url=scene%3Asearch%7Cquery_from%3A&search_p4p_id=202407240130404982519327813610000310846_1,Oversea,0,No brand,,
4,,ชุด เซ็กซี่ สุด เซ็กซี่ JK เสื้อ กะลาสี ตุ๊กตา ผู้หญิง ชุด สีชมพู กระโปรง เซ็กซี่ chifon mujer Primavera Verano ,,https://ae-pic-a1.aliexpress-media.com/kf/S5d5e3169079a4e2ba1f912b64ea82a74n.jpg_80x80.jpg_.webp,182.39,21,0,0,//th.aliexpress.com/item/1005005570445289.html?algo_pvid=b7d166bd-4291-4791-b0ca-ff8befb39446&algo_exp_id=b7d166bd-4291-4791-b0ca-ff8befb39446-4&pdp_npi=4%40dis%21THB%21364.78%21182.39%21%21%219.80%214.90%21%402151f84517218098405694539ee0aa%2112000033593762581%21sea%21TH%210%21ABX&curPageLogUid=JMXD6uAAl68U&utparam-url=scene%3Asearch%7Cquery_from%3A,Oversea,0,No brand,,
5,,เสื้อ ครอป ผู้หญิง สไตล์ ฮา รา จู กุ น่ารัก แนว สตรีท ROK MINI วิน เท จ ฮิปฮอป พังค์ ชิค โบว์ หวาน สุด แข็งแรง ของ เด็กผู้หญิง สี Y K,,https://ae-pic-a1.aliexpress-media.com/kf/Sa5854f028e1a47a58fe0750a35f7b4dbd.jpg_80x80.jpg_.webp,142.66,151,0,0,//th.aliexpress.com/item/1005007191197477.html?algo_pvid=b7d166bd-4291-4791-b0ca-ff8befb39446&algo_exp_id=b7d166bd-4291-4791-b0ca-ff8befb39446-5&pdp_npi=4%40dis%21THB%21285.33%21142.66%21%21%2155.86%2127.93%21%402151f84517218098405694539ee0aa%2112000039751060968%21sea%21TH%210%21ABX&curPageLogUid=t7WSkSXZ0gz4&utparam-url=scene%3Asearch%7Cquery_from%3A,Oversea,0,No brand,,
6,,Willshela กระโปรง สั้น กึ่ง ยาว ปานกลาง อัด กลีบ ผ้า ซาติน กระโปรง วิน เท จ แฟชั่น สำหรับ ผู้หญิง เอว ยางยืด กระโปรง สุภาพสตรี เก๋ไก๋,,https://ae-pic-a1.aliexpress-media.com/kf/S568f0b34c5e6476ca53122bc8c77a599T.jpg_80x80.jpg_.webp,224.55,5000,0,0,//th.aliexpress.com/item/1005006698896445.html?algo_pvid=b7d166bd-4291-4791-b0ca-ff8befb39446&algo_exp_id=b7d166bd-4291-4791-b0ca-ff8befb39446-6&pdp_npi=4%40dis%21THB%21572.20%21224.55%21%21%21112.02%2143.96%21%402151f84517218098405694539ee0aa%2112000038039442293%21sea%21TH%210%21ABX&curPageLogUid=DO3hxYqxk40t&utparam-url=scene%3Asearch%7Cquery_from%3A,Oversea,0,No brand,,
7,,ฉัน เชื่อ ว่า คุณ กระโปรง ปัก ลูกไม้ ของ ผู้หญิง สำหรับ ฤดูร้อน ร่าง ลูก แพร์ แบบ ยาว หรูหรา กระโปรง Comfort ,,https://ae-pic-a1.aliexpress-media.com/kf/S300577d3a9f64735b3c3c169a8a40477b.jpg_80x80.jpg_.webp,1506.0,1,0,0,//th.aliexpress.com/item/1005006855379019.html?algo_pvid=b7d166bd-4291-4791-b0ca-ff8befb39446&aem_p4p_detail=202407240130404982519327813610000310846&algo_exp_id=b7d166bd-4291-4791-b0ca-ff8befb39446-7&pdp_npi=4%40dis%21THB%212789.80%211506.38%21%21%2174.95%2140.47%21%402151f84517218098405694539ee0aa%2112000038524533890%21sea%21TH%210%21ABX&curPageLogUid=9w1sE9Foel1u&utparam-url=scene%3Asearch%7Cquery_from%3A&search_p4p_id=202407240130404982519327813610000310846_2,Oversea,0,No brand,,
8,,ฤดูใบไม้ผลิ ผู้หญิง ฤดูร้อน ชีฟอง กระโปรง วิน เท จ สูง เอว ยืดหยุ่น Patchwork สี ขา วสี ดำ Chic เค้ก ยาว ALine กระโปรง นักเรียน,,https://ae-pic-a1.aliexpress-media.com/kf/Hcb88bb06362e4dfe88a7916650a92e35q.jpg_80x80.jpg_.webp,180.16,2000,0,0,//th.aliexpress.com/item/1005002018709156.html?algo_pvid=b7d166bd-4291-4791-b0ca-ff8befb39446&algo_exp_id=b7d166bd-4291-4791-b0ca-ff8befb39446-8&pdp_npi=4%40dis%21THB%21198.77%21180.16%21%21%215.34%214.84%21%402151f84517218098405694539ee0aa%2112000018432664181%21sea%21TH%210%21ABX&curPageLogUid=QOCqAlP4RLE3&utparam-url=scene%3Asearch%7Cquery_from%3A,Oversea,0,No brand,,
9,,กระโปรง ยีนส์ ขนาดเล็ก สำหรับ ผู้หญิง เสื้อผ้า Y k วิน เท จ ผูก โบว์ น่ารัก หวาน แหวว วสา วๆ เสื้อผ้า แนว สตรีท แวร์ แนว สตรีท แบบ อเมริกัน เซ็กซี่ ฤดูร้อน,,https://ae-pic-a1.aliexpress-media.com/kf/S4514b5af92d14ff886ada35003428627U.jpg_80x80.jpg_.webp,268.0,2000,0,0,//th.aliexpress.com/item/1005005927010586.html?algo_pvid=b7d166bd-4291-4791-b0ca-ff8befb39446&algo_exp_id=b7d166bd-4291-4791-b0ca-ff8befb39446-9&pdp_npi=4%40dis%21THB%21286.61%21268.00%21%21%217.70%217.20%21%402151f84517218098405694539ee0aa%2112000034884161906%21sea%21TH%210%21ABX&curPageLogUid=XX7Y4inSaRza&utparam-url=scene%3Asearch%7Cquery_from%3A,Oversea,0,No brand,,
10,,Rimocy กระโปรง ยาว ลาย ดอกไม้ เอว สูง สำหรับ ผู้หญิง กระโปรง ยาว จับ จีบ รูด ข้าง แต่ง ระบาย สำหรับ ฤดูร้อน ของ ,,https://ae-pic-a1.aliexpress-media.com/kf/S86fd43d215da41d4a77a24db490521a69.jpeg_80x80.jpeg_.webp,268.36,46,0,0,//th.aliexpress.com/item/1005006861835093.html?algo_pvid=b7d166bd-4291-4791-b0ca-ff8befb39446&algo_exp_id=b7d166bd-4291-4791-b0ca-ff8befb39446-10&pdp_npi=4%40dis%21THB%21286.97%21268.36%21%21%2156.18%2152.54%21%402151f84517218098405694539ee0aa%2112000038545440642%21sea%21TH%210%21ABX&curPageLogUid=8GdTve8KkpYj&utparam-url=scene%3Asearch%7Cquery_from%3A,Oversea,0,No brand,,
11,,กระโปรง ถัก สีเทา แฟชั่น สบาย ๆ ฤดูใบไม้ร่วง ฤดูใบไม้ผลิ กระโปรง ครึ่งตัว ฉบับ ภาษา เกาหลี Y k สำหรับ ผู้หญิง กระโปรง ทรง เอ ไลน์ กระโปรง กระโปรง ยาว แต่ง จี้,,https://ae-pic-a1.aliexpress-media.com/kf/S40f6d7481bc349008f981b18c7bda61dr.jpg_80x80.jpg_.webp,295.75,0,0,0,//th.aliexpress.com/item/1005007379090123.html?algo_pvid=b7d166bd-4291-4791-b0ca-ff8befb39446&aem_p4p_detail=202407240130404982519327813610000310846&algo_exp_id=b7d166bd-4291-4791-b0ca-ff8befb39446-11&pdp_npi=4%40dis%21THB%21704.19%21295.75%21%21%21137.86%2157.90%21%402151f84517218098405694539ee0aa%2112000040494160857%21sea%21TH%210%21ABX&curPageLogUid=BWSg4CHLCZzx&utparam-url=scene%3Asearch%7Cquery_from%3A&search_p4p_id=202407240130404982519327813610000310846_3,Oversea,0,No brand,,
12,,กระโปรง มี จีบ กระโปรง เทนนิส ลาย สก็อต สำหรับ ผู้หญิง ใส่ ใน ฤดูใบไม้ร่วง ฤดูหนาว กระโปรง สี ดำ เซ็กซี่ สี ขาว ฤดูร้อน สำหรับ Y k ไป โรงเรียน สไตล์ กอ ทิก,,https://ae-pic-a1.aliexpress-media.com/kf/Haf248f3d0ffa43169f81d2f6a652e71d3.jpg_80x80.jpg_.webp,103.49,120,0,0,//th.aliexpress.com/item/1005006851059464.html?algo_pvid=b7d166bd-4291-4791-b0ca-ff8befb39446&algo_exp_id=b7d166bd-4291-4791-b0ca-ff8befb39446-12&pdp_npi=4%40dis%21THB%21321.96%21103.49%21%21%2163.03%2120.26%21%402151f84517218098405694539ee0aa%2112000038521778571%21sea%21TH%210%21ABX&curPageLogUid=9JGLoxTLvk1r&utparam-url=scene%3Asearch%7Cquery_from%3A,Oversea,0,No brand,,
13,,Biikpiik กระโปรง แต่ง ระบาย สำหรับ วันหยุด กระโปรง แฟชั่น Sablon Bunga วิน เท จ หรูหรา ได้รับ การ ออกแบบ กึ่ง มุมมอง เซ็กซี่ วันหยุด ด้านล่าง,,https://ae-pic-a1.aliexpress-media.com/kf/S3876d172ac424930a75967c9320d4122W.jpg_80x80.jpg_.webp,659.21,339,0,0,//th.aliexpress.com/item/1005006968941527.html?algo_pvid=b7d166bd-4291-4791-b0ca-ff8befb39446&algo_exp_id=b7d166bd-4291-4791-b0ca-ff8befb39446-13&pdp_npi=4%40dis%21THB%211177.34%21659.21%21%21%2131.63%2117.71%21%402151f84517218098405694539ee0aa%2112000038891428312%21sea%21TH%210%21ABX&curPageLogUid=d0N0cFukTPxz&utparam-url=scene%3Asearch%7Cquery_from%3A,Oversea,0,No brand,,
14,,Deeptown Coquette ROK MINI ฤดูร้อน ของ ผู้หญิง Y k กางเกง เอว สูง เซ็กซี่ ผ้า จีบ สี ขาว น่ารัก สำหรับ นางฟ้า,,https://ae-pic-a1.aliexpress-media.com/kf/Sb555f984fdb643a79ffff259c28dc700A.jpg_80x80.jpg_.webp,328.67,403,0,0,//th.aliexpress.com/item/1005006468280614.html?algo_pvid=b7d166bd-4291-4791-b0ca-ff8befb39446&algo_exp_id=b7d166bd-4291-4791-b0ca-ff8befb39446-14&pdp_npi=4%40dis%21THB%21328.67%21328.67%21%21%218.83%218.83%21%402151f84517218098405694539ee0aa%2112000037304333699%21sea%21TH%210%21ABX&curPageLogUid=oBoQvNe9ewvF&utparam-url=scene%3Asearch%7Cquery_from%3A,Oversea,0,No brand,,
15,,Louis Yao กระโปรง ยาว คลุม เข่า สี ดำ หรูหรา สำหรับ ผู้หญิง กระโปรง ยาว ทรง ร่ม เอว สูง ลำลอง สำหรับ เดินทาง กระโปรง ยาว มี ช่อง และ กระเป๋า,,https://ae-pic-a1.aliexpress-media.com/kf/S9855d7e1b6754b9b9b481278835718dbL.jpg_80x80.jpg_.webp,902.48,0,0,0,//th.aliexpress.com/item/1005007250464789.html?algo_pvid=b7d166bd-4291-4791-b0ca-ff8befb39446&aem_p4p_detail=202407240130404982519327813610000310846&algo_exp_id=b7d166bd-4291-4791-b0ca-ff8befb39446-15&pdp_npi=4%40dis%21THB%21902.48%21902.48%21%21%21176.68%21176.68%21%402151f84517218098405694539ee0aa%2112000039949653046%21sea%21TH%210%21ABX&curPageLogUid=kIFLtJRhmzts&utparam-url=scene%3Asearch%7Cquery_from%3A&search_p4p_id=202407240130404982519327813610000310846_4,Oversea,0,No brand,,
16,,ชุด กระโปรง ยาว ปานกลาง เอว สูง สไตล์ โบ ฮี เมีย น Y K แนว วิน เท จ สำหรับ ผู้หญิง แนว แฟชั่น สวยงาม ชุด สำหรับ ใส่ ใน วันหยุด,,https://ae-pic-a1.aliexpress-media.com/kf/Sab866d6f2b4d47f58a5a52b4e29c7179p.jpg_80x80.jpg_.webp,270.15,373,0,0,//th.aliexpress.com/item/1005006894567330.html?algo_pvid=b7d166bd-4291-4791-b0ca-ff8befb39446&algo_exp_id=b7d166bd-4291-4791-b0ca-ff8befb39446-16&pdp_npi=4%40dis%21THB%21288.76%21270.15%21%21%2156.53%2152.89%21%402151f84517218098405694539ee0aa%2112000038642186505%21sea%21TH%210%21ABX&curPageLogUid=CDXdsLa3vHLi&utparam-url=scene%3Asearch%7Cquery_from%3A,Oversea,0,No brand,,
17,,Deat กระโปรง ผ้า ยีนส์ สำหรับ ผู้หญิง กระโปรง ผ้า เด นิ ม แต่ง ลาย สก๊อต สี แบบ ไม่ สม่ำเสมอ เอว สูง ROK MINI แฟชั่น ใหม่ สำหรับ ฤดูร้อน ,,https://ae-pic-a1.aliexpress-media.com/kf/S87af065395f84386b8bfee163de33355f.jpg_80x80.jpg_.webp,930.97,500,0,0,//th.aliexpress.com/item/1005006537437957.html?algo_pvid=b7d166bd-4291-4791-b0ca-ff8befb39446&algo_exp_id=b7d166bd-4291-4791-b0ca-ff8befb39446-17&pdp_npi=4%40dis%21THB%211460.89%21930.97%21%21%21286.00%21182.26%21%402151f84517218098405694539ee0aa%2112000037575281095%21sea%21TH%210%21ABX&curPageLogUid=CzXU92lLiGVo&utparam-url=scene%3Asearch%7Cquery_from%3A,Oversea,0,No brand,,
18,,Y k กระโปรง มินิสเกิร์ต อัด จีบ เซ็กซี่ สำหรับ ผู้หญิง ชุด เพ รพ พี้ แนว สตรีท แวร์ มี ซิป cewek seksi แบน เด จก ระ โปรง สั้น ผ่า ข้าง สำหรับ ผู้หญิง ฤดูใบไม้ผลิ,,https://ae-pic-a1.aliexpress-media.com/kf/S48febaf689bb46dd97e2e3cc903b128aZ.jpg_80x80.jpg_.webp,587.74,700,0,0,//th.aliexpress.com/item/1005005235658726.html?algo_pvid=b7d166bd-4291-4791-b0ca-ff8befb39446&algo_exp_id=b7d166bd-4291-4791-b0ca-ff8befb39446-18&pdp_npi=4%40dis%21THB%211045.57%21587.74%21%21%2128.09%2115.79%21%402151f84517218098405694539ee0aa%2112000037053601851%21sea%21TH%210%21ABX&curPageLogUid=72J84wf9Fe81&utparam-url=scene%3Asearch%7Cquery_from%3A,Oversea,0,No brand,,
19,,กระโปรง ยาว สวิง เอว สูง มาก สำหรับ ผู้หญิง M เสื้อผ้า สำหรับ สาว ออฟฟิศ หรูหรา ฤดูใบไม้ผลิ,,https://ae-pic-a1.aliexpress-media.com/kf/S5b9bb33d71714a36b8e83f643600140c0.jpg_80x80.jpg_.webp,1857.0,6,0,0,//th.aliexpress.com/item/1005006121518192.html?algo_pvid=b7d166bd-4291-4791-b0ca-ff8befb39446&aem_p4p_detail=202407240130404982519327813610000310846&algo_exp_id=b7d166bd-4291-4791-b0ca-ff8befb39446-19&pdp_npi=4%40dis%21THB%213095.02%211857.01%21%21%2183.15%2149.89%21%402151f84517218098405694539ee0aa%2112000035848245125%21sea%21TH%210%21ABX&curPageLogUid=39GjBAQtrs57&utparam-url=scene%3Asearch%7Cquery_from%3A&search_p4p_id=202407240130404982519327813610000310846_5,Oversea,0,No brand,,
20,,กระโปรง สั้น แต่ง ระบายสี ขาว สำหรับ ผู้หญิง ที่ สง่างาม เสื้อผ้า แนว สตรีท เอว สูง ลำลอง มี จีบ กระโปรง มินิสเกิร์ต ฟูฟ่อง แฟชั่น ปาร์ตี้ ฤดูร้อน ,,https://ae-pic-a1.aliexpress-media.com/kf/Sd67702d05e6b4bde929c8a2cd2ad18d41.jpg_80x80.jpg_.webp,313.36,70,0,0,//th.aliexpress.com/item/1005007175668541.html?algo_pvid=b7d166bd-4291-4791-b0ca-ff8befb39446&algo_exp_id=b7d166bd-4291-4791-b0ca-ff8befb39446-20&pdp_npi=4%40dis%21THB%21331.97%21313.36%21%21%2164.99%2161.35%21%402151f84517218098405694539ee0aa%2112000039705107776%21sea%21TH%210%21ABX&curPageLogUid=yKgA1MThoqAQ&utparam-url=scene%3Asearch%7Cquery_from%3A,Oversea,0,No brand,,
21,,กระโปรง เอว สูง หรูหรา ของ ผู้หญิง สไตล์ เพ รพ พี้ กระโปรง พอง ลำลอง ทรง เอ แนว ลำลอง ดีไซน์ คลุม สะโพก สำหรับ ฤดูใบไม้ร่วง ,,https://ae-pic-a1.aliexpress-media.com/kf/S2487a78dc7e0408080e9687a9b19e000a.png_80x80.png_.webp,138.46,335,0,0,//th.aliexpress.com/item/1005006522682033.html?algo_pvid=b7d166bd-4291-4791-b0ca-ff8befb39446&algo_exp_id=b7d166bd-4291-4791-b0ca-ff8befb39446-21&pdp_npi=4%40dis%21THB%21314.15%21138.46%21%21%218.44%213.72%21%402151f84517218098405694539ee0aa%2112000037519997592%21sea%21TH%210%21ABX&curPageLogUid=whIfiMphtRTJ&utparam-url=scene%3Asearch%7Cquery_from%3A,Oversea,0,No brand,,
22,,เจียมเนื้อเจียมตัว กระโปรง ผู้หญิง เกาหลี สไตล์ ยา วสี ดำ กระโปรง ผู้หญิง กระโปรง มี จีบ กระโปรง ยาว สำหรับ แฟชั่น สำหรับ ผู้หญิง Dazy ALine,,https://ae-pic-a1.aliexpress-media.com/kf/Sac02501f1991458dbd0c6f44ca762abfO.jpg_80x80.jpg_.webp,288.1,321,0,0,//th.aliexpress.com/item/1005005380290035.html?algo_pvid=b7d166bd-4291-4791-b0ca-ff8befb39446&algo_exp_id=b7d166bd-4291-4791-b0ca-ff8befb39446-22&pdp_npi=4%40dis%21THB%21306.71%21288.10%21%21%218.24%217.74%21%402151f84517218098405694539ee0aa%2112000032816957368%21sea%21TH%210%21ABX&curPageLogUid=GGIn8b8edruB&utparam-url=scene%3Asearch%7Cquery_from%3A,Oversea,0,No brand,,
23,,Zanzea กระโปรง พลี ท MODE Korea สำหรับ ผู้หญิง เอว สูง วิน เท จ เอว ยางยืด กระโปรง ยาว ทรง หลวม วันหยุด ฤดูร้อน,,https://ae-pic-a1.aliexpress-media.com/kf/Sd5a0aa3b814d4f4aa8b82aa4474a3cfcE.jpg_80x80.jpg_.webp,446.3,19,0,0,//th.aliexpress.com/item/1005006641575445.html?algo_pvid=b7d166bd-4291-4791-b0ca-ff8befb39446&aem_p4p_detail=202407240130404982519327813610000310846&algo_exp_id=b7d166bd-4291-4791-b0ca-ff8befb39446-23&pdp_npi=4%40dis%21THB%21743.70%21446.30%21%21%2119.98%2111.99%21%402151f84517218098405694539ee0aa%2112000037901771841%21sea%21TH%210%21ABX&curPageLogUid=mMsVkF6avuGc&utparam-url=scene%3Asearch%7Cquery_from%3A&search_p4p_id=202407240130404982519327813610000310846_6,Oversea,0,No brand,,
24,,Y K กระโปรง ผู้หญิง น่ารัก ย้อนยุค ฮิปฮอป โบว์ หวาน แฟชั่น สตรีท แวร์ ฤดูร้อน คนรัก ฮา รา จู กุ ลำลอง สี ทึบ ROK MINI,,https://ae-pic-a1.aliexpress-media.com/kf/S0cf9e94a21a64392949f128136f84c5eJ.jpg_80x80.jpg_.webp,160.55,79,0,0,//th.aliexpress.com/item/1005007027700241.html?algo_pvid=b7d166bd-4291-4791-b0ca-ff8befb39446&algo_exp_id=b7d166bd-4291-4791-b0ca-ff8befb39446-24&pdp_npi=4%40dis%21THB%21321.09%21160.55%21%21%2162.86%2131.43%21%402151f84517218098405694539ee0aa%2112000039142021949%21sea%21TH%210%21ABX&curPageLogUid=lyOQ1VPswgy9&utparam-url=scene%3Asearch%7Cquery_from%3A,Oversea,0,No brand,,
25,,กระโปรง กระโปรง มินิสเกิร์ต ทรง พอง สำหรับ ผู้หญิง กระโปรง สั้น ทรง หลวม เอว ยางยืด สี พื้น สไตล์ หวาน กระโปรง ทรง หลวม ลำลอง ฤดูร้อน,,https://ae-pic-a1.aliexpress-media.com/kf/Scf50cf24c7b049338b03e340b7eb40d8f.jpg_80x80.jpg_.webp,230.78,500,0,0,//th.aliexpress.com/item/1005006813614033.html?algo_pvid=b7d166bd-4291-4791-b0ca-ff8befb39446&algo_exp_id=b7d166bd-4291-4791-b0ca-ff8befb39446-25&pdp_npi=4%40dis%21THB%21249.39%21230.78%21%21%216.70%216.20%21%402151f84517218098405694539ee0aa%2112000040111470022%21sea%21TH%210%21ABX&curPageLogUid=Ypo7uJ5ETy8O&utparam-url=scene%3Asearch%7Cquery_from%3A,Oversea,0,No brand,,
26,,กระโปรง แฟชั่น สำหรับ ผู้หญิง XL XL ขา สั้น สำหรับ ผู้หญิง กระโปรง กอล์ฟ สี ทึบ ยืด ปานกลาง มี กระเป๋า ขนาดใหญ่พิเศษ,,https://ae-pic-a1.aliexpress-media.com/kf/Sd7255382ed9240b5b45d2fed4daf5e4cP.jpg_80x80.jpg_.webp,150.23,8,0,0,//th.aliexpress.com/item/1005007241946617.html?algo_pvid=b7d166bd-4291-4791-b0ca-ff8befb39446&algo_exp_id=b7d166bd-4291-4791-b0ca-ff8befb39446-26&pdp_npi=4%40dis%21THB%21438.37%21150.23%21%21%2185.82%2129.41%21%402151f84517218098405694539ee0aa%2112000039923276960%21sea%21TH%210%21ABX&curPageLogUid=JjXjzJ2pH2by&utparam-url=scene%3Asearch%7Cquery_from%3A,Oversea,0,No brand,,
27,,Dushu กระโปรง สลิม มิ่ง สาม มิติ สำหรับ ผู้หญิง กระโปรง มี จีบ เอว สูง ฤดูหนาว,,https://ae-pic-a1.aliexpress-media.com/kf/S32c4296787e841da971104d7a072126dz.jpg_80x80.jpg_.webp,1319.0,1,0,0,//th.aliexpress.com/item/1005006219864194.html?algo_pvid=b7d166bd-4291-4791-b0ca-ff8befb39446&aem_p4p_detail=202407240130404982519327813610000310846&algo_exp_id=b7d166bd-4291-4791-b0ca-ff8befb39446-27&pdp_npi=4%40dis%21THB%211319.52%211319.52%21%21%2135.45%2135.45%21%402151f84517218098405694539ee0aa%2112000036334756720%21sea%21TH%210%21ABX&curPageLogUid=jNxrAq18Oqh8&utparam-url=scene%3Asearch%7Cquery_from%3A&search_p4p_id=202407240130404982519327813610000310846_7,Oversea,0,No brand,,
28,,กระโปรง สี ดำ สวยหรู ตัว กระโปรง กางเกงขายาว ผ้า บาง ลูกไม้ สี ขาว โปร่งแสง สำหรับ ผู้หญิง กระโปรง คลุม เข่า กางเกง เอว สูง ยางยืด สำหรับ ผู้หญิง ลดลง,,https://ae-pic-a1.aliexpress-media.com/kf/Seaac9fab771a466f981d446773eb8a4bE.jpg_80x80.jpg_.webp,103.78,500,0,0,//th.aliexpress.com/item/1005005278316805.html?algo_pvid=b7d166bd-4291-4791-b0ca-ff8befb39446&algo_exp_id=b7d166bd-4291-4791-b0ca-ff8befb39446-28&pdp_npi=4%40dis%21THB%21122.39%21103.78%21%21%2123.96%2120.32%21%402151f84517218098405694539ee0aa%2112000032462430513%21sea%21TH%210%21ABX&curPageLogUid=utD3Hijw5naW&utparam-url=scene%3Asearch%7Cquery_from%3A,Oversea,0,No brand,,
29,,คา วา อี้ เอว สูง Y k กระโปรง มี จีบ วิน เท จ s Femme ชุด แนว สตรีท เข้ารูป สุด เซ็กซี่ เสื้อผ้า มี โบว์ กระโปรง มินิสเกิร์ต สไตล์ โก ธิค สำหรับ ผู้หญิง,,https://ae-pic-a1.aliexpress-media.com/kf/S481a0bcfd4db446182d4a5f82c9122f8J.jpg_80x80.jpg_.webp,227.76,221,0,0,//th.aliexpress.com/item/1005006911832061.html?algo_pvid=b7d166bd-4291-4791-b0ca-ff8befb39446&algo_exp_id=b7d166bd-4291-4791-b0ca-ff8befb39446-29&pdp_npi=4%40dis%21THB%21386.06%21227.76%21%21%2175.58%2144.59%21%402151f84517218098405694539ee0aa%2112000038702765559%21sea%21TH%210%21ABX&curPageLogUid=j7xV0B2OoHxe&utparam-url=scene%3Asearch%7Cquery_from%3A,Oversea,0,No brand,,
30,,Zoki กระโปรง พลี ท เอว สูง เซ็กซี่ สำหรับ ผู้หญิง กระโปรง เต้นรำ เอว สูง สไตล์ วิน เท จก ระ โปรง มินิสเกิร์ต นักเรียน เทนนิส เกาหลี กระโปรง เต้นรำ สี ขาว,,https://ae-pic-a1.aliexpress-media.com/kf/Sf28db41904d94070bf7a04967c71eb7cB.jpeg_80x80.jpeg_.webp,208.36,5000,0,0,//th.aliexpress.com/item/1005005905912120.html?algo_pvid=b7d166bd-4291-4791-b0ca-ff8befb39446&algo_exp_id=b7d166bd-4291-4791-b0ca-ff8befb39446-30&pdp_npi=4%40dis%21THB%21562.14%21208.36%21%21%21110.05%2140.79%21%402151f84517218098405694539ee0aa%2112000034791427436%21sea%21TH%210%21ABX&curPageLogUid=V5rT85dfZkoJ&utparam-url=scene%3Asearch%7Cquery_from%3A,Oversea,0,No brand,,
31,,ผม เชื่อ ว่า ใหม่ Elegant Mercerized Midi กระโปรง ผู้หญิง ฤดูร้อน เอว ยืดหยุ่น เอว หวาน กระโปรง หญิง Robe ,,https://ae-pic-a1.aliexpress-media.com/kf/Seb191cc3e1524a68896b145dc1784286f.jpg_80x80.jpg_.webp,806.6,1,0,0,//th.aliexpress.com/item/1005004139472884.html?algo_pvid=b7d166bd-4291-4791-b0ca-ff8befb39446&aem_p4p_detail=202407240130404982519327813610000310846&algo_exp_id=b7d166bd-4291-4791-b0ca-ff8befb39446-31&pdp_npi=4%40dis%21THB%21806.60%21806.60%21%21%2121.67%2121.67%21%402151f84517218098405694539ee0aa%2112000028161700551%21sea%21TH%210%21ABX&curPageLogUid=pA2ysYp53ESY&utparam-url=scene%3Asearch%7Cquery_from%3A&search_p4p_id=202407240130404982519327813610000310846_8,Oversea,0,No brand,,
32,,กระโปรง จีบ ผู้หญิง S XL วิน เท จ หนุ่ม Basic เกาหลี แบบ สบาย ๆ ทั้งหมด ตรง กับ ฤดูใบไม้ผลิ เอว หญิง กระโปรง วิทยาลัย,,https://ae-pic-a1.aliexpress-media.com/kf/S1942d0164ad841a5995f5f3876c4d0f1f.jpg_80x80.jpg_.webp,334.62,44,0,0,//th.aliexpress.com/item/1005005252081626.html?algo_pvid=b7d166bd-4291-4791-b0ca-ff8befb39446&algo_exp_id=b7d166bd-4291-4791-b0ca-ff8befb39446-32&pdp_npi=4%40dis%21THB%21669.25%21334.62%21%21%2117.98%218.99%21%402151f84517218098405694539ee0aa%2112000032366993404%21sea%21TH%210%21ABX&curPageLogUid=l54CViGRRlQp&utparam-url=scene%3Asearch%7Cquery_from%3A,Oversea,0,No brand,,
33,,กระโปรง ทรง เอ มี จีบ สำหรับ ผู้หญิง กระโปรง ทรง เอ แนว สวย หวาน มี ระบายสี ขาว เอว ยางยืด เด รส ฮา รา จู กุ สไตล์ เกาหลี เรียบง่าย เรียบง่าย ฤดูร้อน,,https://ae-pic-a1.aliexpress-media.com/kf/Sbbdf5c13ae1445ad994049dd8c719f6fD.jpeg_80x80.jpeg_.webp,123.36,74,0,0,//th.aliexpress.com/item/1005007197180104.html?algo_pvid=b7d166bd-4291-4791-b0ca-ff8befb39446&algo_exp_id=b7d166bd-4291-4791-b0ca-ff8befb39446-33&pdp_npi=4%40dis%21THB%21381.26%21123.36%21%21%2174.64%2124.15%21%402151f84517218098405694539ee0aa%2112000039769021935%21sea%21TH%210%21ABX&curPageLogUid=EGd1SXJEjNmz&utparam-url=scene%3Asearch%7Cquery_from%3A,Oversea,0,No brand,,
34,,Rimocy เกาหลี สูง เอว กระโปรง มี จีบ ผู้หญิง สี ดำ สีเทา สั้น ALine กระโปรง ผู้หญิง ฤดูร้อน Jk ROK Mini,,https://ae-pic-a1.aliexpress-media.com/kf/S12359640d803497fb4f57e462044cceaD.jpg_80x80.jpg_.webp,278.73,399,0,0,//th.aliexpress.com/item/1005005130626024.html?algo_pvid=b7d166bd-4291-4791-b0ca-ff8befb39446&algo_exp_id=b7d166bd-4291-4791-b0ca-ff8befb39446-34&pdp_npi=4%40dis%21THB%21297.34%21278.73%21%21%2158.21%2154.57%21%402151f84517218098405694539ee0aa%2112000031782638558%21sea%21TH%210%21ABX&curPageLogUid=3pfYM43i0hxq&utparam-url=scene%3Asearch%7Cquery_from%3A,Oversea,0,No brand,,
35,,Ziqiao กระโปรง เอว สูง ทรง เอ ไลน์ สำหรับ ผู้หญิง กระโปรง ZQ ยาว ปานกลาง ลำลอง ใส่ ได้ ใน ฤดูร้อน ,,https://ae-pic-a1.aliexpress-media.com/kf/S831da51cdc6644388a9fc1dca984f1a3g.jpg_80x80.jpg_.webp,922.36,0,0,0,//th.aliexpress.com/item/1005007400816701.html?algo_pvid=b7d166bd-4291-4791-b0ca-ff8befb39446&aem_p4p_detail=202407240130404982519327813610000310846&algo_exp_id=b7d166bd-4291-4791-b0ca-ff8befb39446-35&pdp_npi=4%40dis%21THB%21922.36%21922.36%21%21%2124.78%2124.78%21%402151f84517218098405694539ee0aa%2112000040589791865%21sea%21TH%210%21ABX&curPageLogUid=RrE9DbI4C6jc&utparam-url=scene%3Asearch%7Cquery_from%3A&search_p4p_id=202407240130404982519327813610000310846_9,Oversea,0,No brand,,
36,,Xnwmnz กระโปรง ยาว คลุม เข่า ผ้า ซาติน แฟชั่น ของ ผู้หญิง พริ้ว ไหว สำหรับ ผู้หญิง กระโปรง สตรีท เอว สูง ผ้า ยืด แบบ ย้อนยุค สำหรับ ผู้หญิง,,https://ae-pic-a1.aliexpress-media.com/kf/Sa9d3626f8ec84ffdb34171185b96289eS.jpg_80x80.jpg_.webp,259.44,4000,0,0,//th.aliexpress.com/item/1005006182577769.html?algo_pvid=2b7dbbc9-1f77-41c6-91a3-71e019cf6048&algo_exp_id=2b7dbbc9-1f77-41c6-91a3-71e019cf6048-0&pdp_npi=4%40dis%21THB%21259.44%21259.44%21%21%216.97%216.97%21%4021410f5a17218098509062918e0dbe%2112000036169675742%21sea%21TH%210%21ABX&curPageLogUid=VM21wiPCZSVB&utparam-url=scene%3Asearch%7Cquery_from%3A,Oversea,0,No brand,,
37,,ชุดนอน สตรีท เอว สูง สำหรับ ผู้หญิง ชุด ตาข่าย รัดรูป กลวง ออก กระโปรง รัดรูป ชุด ปาร์ตี้ ไนท์คลับ,,https://ae-pic-a1.aliexpress-media.com/kf/Seae753979e2141f8a0e8354949edd08dP.jpg_80x80.jpg_.webp,142.56,46,0,0,//th.aliexpress.com/item/1005006178293072.html?algo_pvid=2b7dbbc9-1f77-41c6-91a3-71e019cf6048&algo_exp_id=2b7dbbc9-1f77-41c6-91a3-71e019cf6048-1&pdp_npi=4%40dis%21THB%21303.31%21142.56%21%21%2159.38%2127.91%21%4021410f5a17218098509062918e0dbe%2112000036152742583%21sea%21TH%210%21ABX&curPageLogUid=rZQRmu6GxNvF&utparam-url=scene%3Asearch%7Cquery_from%3A,Oversea,0,No brand,,
38,,กระโปรง สาย เอี๊ยม แบบ สั้น ประดับ มุก โบว์ โบว์ ริบบิ้น สไตล์ โก ธิค แบบ ญี่ปุ่น สำหรับ เด็กผู้หญิง กระโปรง สาย เอี๊ยม แบบ หวาน น่ารัก กระโปรง มินิสเกิร์ต แบบ สาย,,https://ae-pic-a1.aliexpress-media.com/kf/Sb0eaff1c8f51473da34c3001980fe98fF.jpg_80x80.jpg_.webp,824.21,900,0,0,//th.aliexpress.com/item/1005005947979783.html?algo_pvid=2b7dbbc9-1f77-41c6-91a3-71e019cf6048&algo_exp_id=2b7dbbc9-1f77-41c6-91a3-71e019cf6048-2&pdp_npi=4%40dis%21THB%211296.67%21824.21%21%21%21253.85%21161.36%21%4021410f5a17218098509062918e0dbe%2112000034979857871%21sea%21TH%210%21ABX&curPageLogUid=NqrV2GTQi7on&utparam-url=scene%3Asearch%7Cquery_from%3A,Oversea,0,No brand,,
39,,Amii กระโปรง ผู้หญิง แบบ มินิ มอ ลลิสม์ ฤดูใบไม้ผลิ ใหม่ ชายกระโปรง ทรง เอ ไลน์ ทรง หลวม ร่ม ใส่ กระโปรง สตรี สำหรับ สาว ออฟฟิศ,,https://ae-pic-a1.aliexpress-media.com/kf/Scadd95239afb47a8b9dbef4c1db0b6daV.jpg_80x80.jpg_.webp,2925.0,0,0,0,//th.aliexpress.com/item/1005006495339134.html?algo_pvid=2b7dbbc9-1f77-41c6-91a3-71e019cf6048&aem_p4p_detail=2024072401305016749657182151180000324415&algo_exp_id=2b7dbbc9-1f77-41c6-91a3-71e019cf6048-3&pdp_npi=4%40dis%21THB%214876.10%212925.66%21%21%21131.00%2178.60%21%4021410f5a17218098509062918e0dbe%2112000037411735719%21sea%21TH%210%21ABX&curPageLogUid=bYpU12rvABZZ&utparam-url=scene%3Asearch%7Cquery_from%3A&search_p4p_id=2024072401305016749657182151180000324415_1,Oversea,0,No brand,,
40,,ROK serut เอว ยางยืด ลำลอง สำหรับ ผู้หญิง ขนาด พิเศษ พิมพ์ ลาย สก๊อต สำหรับ ฤดูใบไม้ผลิ และ ฤดูร้อน,,https://ae-pic-a1.aliexpress-media.com/kf/Sdb307fa83ae1481ea0afc465183f7083j.jpg_80x80.jpg_.webp,217.7,37,0,0,//th.aliexpress.com/item/1005007163080665.html?algo_pvid=2b7dbbc9-1f77-41c6-91a3-71e019cf6048&algo_exp_id=2b7dbbc9-1f77-41c6-91a3-71e019cf6048-4&pdp_npi=4%40dis%21THB%21581.95%21217.70%21%21%21113.93%2142.62%21%4021410f5a17218098509062918e0dbe%2112000039662516870%21sea%21TH%210%21ABX&curPageLogUid=cdlVnYJlq49j&utparam-url=scene%3Asearch%7Cquery_from%3A,Oversea,0,No brand,,
41,,Wsevypo EGirl s กระโปรง ไม่ สมมาตร สี ขาว สวยงาม สำหรับ ผู้หญิง เอว ต่ำ มี ระบาย ชาย เสื้อ กางเกง สตรีท แวร์ แนว กระโปรง มินิสเกิร์ต กรันจ์,,https://ae-pic-a1.aliexpress-media.com/kf/Sefaec2804a0f417d8a54fe61bcbd883a8.jpg_80x80.jpg_.webp,307.08,339,0,0,//th.aliexpress.com/item/1005005562057326.html?algo_pvid=2b7dbbc9-1f77-41c6-91a3-71e019cf6048&algo_exp_id=2b7dbbc9-1f77-41c6-91a3-71e019cf6048-5&pdp_npi=4%40dis%21THB%21472.72%21307.08%21%21%2112.70%218.25%21%4021410f5a17218098509062918e0dbe%2112000033551523484%21sea%21TH%210%21ABX&curPageLogUid=KyOCX1DKAK7Z&utparam-url=scene%3Asearch%7Cquery_from%3A,Oversea,0,No brand,,
42,,กระโปรง ยีนส์ ขนาดเล็ก สำหรับ ผู้หญิง เสื้อผ้า Y k วิน เท จ ผูก โบว์ น่ารัก หวาน แหวว วสา วๆ เสื้อผ้า แนว สตรีท แวร์ แนว สตรีท แบบ อเมริกัน เซ็กซี่ ฤดูร้อน,,https://ae-pic-a1.aliexpress-media.com/kf/S4514b5af92d14ff886ada35003428627U.jpg_80x80.jpg_.webp,268.0,2000,0,0,//th.aliexpress.com/item/1005005927010586.html?algo_pvid=2b7dbbc9-1f77-41c6-91a3-71e019cf6048&algo_exp_id=2b7dbbc9-1f77-41c6-91a3-71e019cf6048-6&pdp_npi=4%40dis%21THB%21286.61%21268.00%21%21%217.70%217.20%21%4021410f5a17218098509062918e0dbe%2112000034884161903%21sea%21TH%210%21ABX&curPageLogUid=i7yV3BXTS52D&utparam-url=scene%3Asearch%7Cquery_from%3A,Oversea,0,No brand,,
43,,TOyouth กระโปรง ถัก สำหรับ ผู้หญิง กระโปรง ยาว อเนกประสงค์ ผ้า มิงค์ เลียนแบบ ขอบ บาง เข้ารูป เอว ยางยืด สำหรับ ฤดูหนาว,,https://ae-pic-a1.aliexpress-media.com/kf/S0467ac0399d647ad8ea4f3bbee872358n.jpg_80x80.jpg_.webp,1086.0,7,0,0,//th.aliexpress.com/item/1005006068455857.html?algo_pvid=2b7dbbc9-1f77-41c6-91a3-71e019cf6048&aem_p4p_detail=2024072401305016749657182151180000324415&algo_exp_id=2b7dbbc9-1f77-41c6-91a3-71e019cf6048-7&pdp_npi=4%40dis%21THB%212046.84%211086.51%21%21%2154.99%2129.19%21%4021410f5a17218098509062918e0dbe%2112000035581641498%21sea%21TH%210%21ABX&curPageLogUid=2MjyWJIVufKr&utparam-url=scene%3Asearch%7Cquery_from%3A&search_p4p_id=2024072401305016749657182151180000324415_2,Oversea,0,No brand,,
44,,ชุดลำลอง คอวี แนว สตรีท สำหรับ ผู้หญิง กระโปรง พลี ท สั้น มินิ สั้น แนว เร โทร เซ็กซี่ ฤดูร้อน ใหม่ สไตล์ แฟชั่น,,https://ae-pic-a1.aliexpress-media.com/kf/S194cf497f25a41b4b88df55e9154c42bM.png_80x80.png_.webp,250.45,2,0,0,//th.aliexpress.com/item/1005007240795167.html?algo_pvid=2b7dbbc9-1f77-41c6-91a3-71e019cf6048&algo_exp_id=2b7dbbc9-1f77-41c6-91a3-71e019cf6048-8&pdp_npi=4%40dis%21THB%21532.87%21250.45%21%21%21104.32%2149.03%21%4021410f5a17218098509062918e0dbe%2112000039919145348%21sea%21TH%210%21ABX&curPageLogUid=qNJjP7KxFzla&utparam-url=scene%3Asearch%7Cquery_from%3A,Oversea,0,No brand,,
45,,กระโปรง สไตล์ เกาหลี สำหรับ ผู้หญิง กระโปรง มิ ดิ เอว ยางยืด มี เชือก รูด Sablon Bunga แนว สตรีท สไตล์ เกาหลี ฤดูร้อน กระโปรง พลี ทยา ว วิน เท จ,,https://ae-pic-a1.aliexpress-media.com/kf/H4395918f318a4445b5a712091bfba7abm.jpg_80x80.jpg_.webp,108.7,1000,0,0,//th.aliexpress.com/item/1005005901531255.html?algo_pvid=2b7dbbc9-1f77-41c6-91a3-71e019cf6048&algo_exp_id=2b7dbbc9-1f77-41c6-91a3-71e019cf6048-9&pdp_npi=4%40dis%21THB%21350.05%21108.70%21%21%2168.53%2121.28%21%4021410f5a17218098509062918e0dbe%2112000034774245087%21sea%21TH%210%21ABX&curPageLogUid=aID9Rn65VuVE&utparam-url=scene%3Asearch%7Cquery_from%3A,Oversea,0,No brand,,
46,,กระโปรง ทรง ถุงกระดาษ เอว สูง สำหรับ ผู้หญิง ใหม่ กระเป๋า คาด เอว คาด สะโพก สี ทึบ แบบ เรียบง่าย เข็มขัด ถัก,,https://ae-pic-a1.aliexpress-media.com/kf/Scef9e6ed1ead4f31813f693e37c3c0dbX.jpg_80x80.jpg_.webp,306.33,1,0,0,//th.aliexpress.com/item/1005007234188614.html?algo_pvid=2b7dbbc9-1f77-41c6-91a3-71e019cf6048&algo_exp_id=2b7dbbc9-1f77-41c6-91a3-71e019cf6048-10&pdp_npi=4%40dis%21THB%21770.54%21306.33%21%21%21150.85%2159.97%21%4021410f5a17218098509062918e0dbe%2112000039900560650%21sea%21TH%210%21ABX&curPageLogUid=v04kmyfynsCX&utparam-url=scene%3Asearch%7Cquery_from%3A,Oversea,0,No brand,,
47,,สาว ฤดูร้อน ฉัตร กระโปรง สไตล์ ใหม่ เด็ก ฝ้าย สบาย ๆ หลวม กระโปรง เข่า ความ ยาว TZ ,,https://ae-pic-a1.aliexpress-media.com/kf/H482106e7e1754d4ab8c7d578609e77dcQ.jpg_80x80.jpg_.webp,278.79,4,0,0,//th.aliexpress.com/item/1005003585973980.html?algo_pvid=2b7dbbc9-1f77-41c6-91a3-71e019cf6048&aem_p4p_detail=2024072401305016749657182151180000324415&algo_exp_id=2b7dbbc9-1f77-41c6-91a3-71e019cf6048-11&pdp_npi=4%40dis%21THB%21278.79%21278.79%21%21%217.49%217.49%21%4021410f5a17218098509062918e0dbe%2112000026386992499%21sea%21TH%210%21ABX&curPageLogUid=kIPTzMexcYSH&utparam-url=scene%3Asearch%7Cquery_from%3A&search_p4p_id=2024072401305016749657182151180000324415_3,Oversea,0,No brand,,
48,,กระโปรง มาก ๆ อัด พลี ท ของ ผู้หญิง เซ็กซี่ คอสเพลย์ ตาข่าย สำหรับ งาน ปาร์ตี้ กระโปรง เสื้อผ้า ผู้หญิง,,https://ae-pic-a1.aliexpress-media.com/kf/S332961ac5a0f4cc596f737900bbdb49e8.jpeg_80x80.jpeg_.webp,164.26,84,0,0,//th.aliexpress.com/item/1005006212070184.html?algo_pvid=2b7dbbc9-1f77-41c6-91a3-71e019cf6048&algo_exp_id=2b7dbbc9-1f77-41c6-91a3-71e019cf6048-12&pdp_npi=4%40dis%21THB%21182.87%21164.26%21%21%2135.80%2132.16%21%4021410f5a17218098509062918e0dbe%2112000036300377174%21sea%21TH%210%21ABX&curPageLogUid=k8QgiTQPqH9B&utparam-url=scene%3Asearch%7Cquery_from%3A,Oversea,0,No brand,,
49,,กระโปรง พลี ท ของ ผู้หญิง กระโปรง เต้นรำ เข็มขัด เอว สูง ฤดูร้อน Y k สาว หวาน กระโปรง มินิสเกิร์ต นักเรียน สี ดำ กางเกงขาสั้น ทรง เอ ไลน์ แฟชั่น,,https://ae-pic-a1.aliexpress-media.com/kf/Sd52865a9a2cf496c908593a7afa48f48S.jpeg_80x80.jpeg_.webp,329.0,3,0,0,//th.aliexpress.com/item/1005007277022879.html?algo_pvid=2b7dbbc9-1f77-41c6-91a3-71e019cf6048&algo_exp_id=2b7dbbc9-1f77-41c6-91a3-71e019cf6048-13&pdp_npi=4%40dis%21THB%21777.74%21329.00%21%21%21152.26%2164.41%21%4021410f5a17218098509062918e0dbe%2112000040038780566%21sea%21TH%210%21ABX&curPageLogUid=XUgR7BOae4Rh&utparam-url=scene%3Asearch%7Cquery_from%3A,Oversea,0,No brand,,
50,,กระโปรง บัลเล่ต์ อเนกประสงค์ สำหรับ เด็กผู้หญิง ชุด บลู มเมอร์ ยืดหยุ่น ชุด มินิ กระโปรง ทารก สำหรับ เด็กแรกเกิด ถ่ายรูป,,https://ae-pic-a1.aliexpress-media.com/kf/S3e07a1e1f2cb4022ac1bb02e1ea1878f9.jpg_80x80.jpg_.webp,97.56,6,0,0,//th.aliexpress.com/item/1005007064543405.html?algo_pvid=2b7dbbc9-1f77-41c6-91a3-71e019cf6048&algo_exp_id=2b7dbbc9-1f77-41c6-91a3-71e019cf6048-14&pdp_npi=4%40dis%21THB%21281.14%2197.56%21%21%2155.04%2119.10%21%4021410f5a17218098509062918e0dbe%2112000039288985114%21sea%21TH%210%21ABX&curPageLogUid=fQzdF6O5FezE&utparam-url=scene%3Asearch%7Cquery_from%3A,Oversea,0,No brand,,
51,,กระโปรง มี จีบ แมก ซี่ ยาว สำหรับ ผู้หญิง วิน เท จก ระ โปรง ชาย เสื้อ ทรง เอ ไลน์ ใหญ่ สี พื้น กระโปรง ยาว ถึง เอว สูง เข้ากับ ทุก ชุด ได้,,https://ae-pic-a1.aliexpress-media.com/kf/Sf68244d841464c8384540c8aec06cddaB.jpg_80x80.jpg_.webp,779.81,3,0,0,//th.aliexpress.com/item/1005007168719789.html?algo_pvid=2b7dbbc9-1f77-41c6-91a3-71e019cf6048&aem_p4p_detail=2024072401305016749657182151180000324415&algo_exp_id=2b7dbbc9-1f77-41c6-91a3-71e019cf6048-15&pdp_npi=4%40dis%21THB%211299.80%21779.81%21%21%2134.92%2120.95%21%4021410f5a17218098509062918e0dbe%2112000039684125039%21sea%21TH%210%21ABX&curPageLogUid=LAojUipyG8Pn&utparam-url=scene%3Asearch%7Cquery_from%3A&search_p4p_id=2024072401305016749657182151180000324415_4,Oversea,0,No brand,,
52,,กระโปรง พิมพ์ ลาย ดอกไม้ สำหรับ ผู้หญิง ใส่ ใน ฤดูร้อน กระโปรง เอว ยางยืด ทรง หลวม ลำลอง มี ไซส์ ใหญ่ พิเศษ ผ้า ชีฟอง ทรง เอ ไลน์ ชายหาด saias MIDI Femme,,https://ae-pic-a1.aliexpress-media.com/kf/Sa405e4a22a254e9eb0383d58652eacf0e.jpg_80x80.jpg_.webp,313.47,136,0,0,//th.aliexpress.com/item/1005005884496279.html?algo_pvid=2b7dbbc9-1f77-41c6-91a3-71e019cf6048&algo_exp_id=2b7dbbc9-1f77-41c6-91a3-71e019cf6048-16&pdp_npi=4%40dis%21THB%21744.13%21313.47%21%21%21145.68%2161.37%21%4021410f5a17218098509062918e0dbe%2112000034698804362%21sea%21TH%210%21ABX&curPageLogUid=FdM8OWpmhTC8&utparam-url=scene%3Asearch%7Cquery_from%3A,Oversea,0,No brand,,
53,,ใหม่ แฟชั่น ของ ผู้หญิง ฤดูร้อน สูง เอว กระโปรง มี จีบ นักเรียน ชุด กระโปรง ลาย สก๊อต หญิง กระโปรง ชุด คอสเพลย์,,https://ae-pic-a1.aliexpress-media.com/kf/S021b23df32a340c08875538b24eac38em.jpeg_80x80.jpeg_.webp,45.56,20,0,0,//th.aliexpress.com/item/1005005020783876.html?algo_pvid=2b7dbbc9-1f77-41c6-91a3-71e019cf6048&algo_exp_id=2b7dbbc9-1f77-41c6-91a3-71e019cf6048-17&pdp_npi=4%40dis%21THB%2160.73%2145.56%21%21%2111.89%218.92%21%4021410f5a17218098509062918e0dbe%2112000031363499029%21sea%21TH%210%21ABX&curPageLogUid=uThII1xlJw6D&utparam-url=scene%3Asearch%7Cquery_from%3A,Oversea,0,No brand,,
54,,Iamhotty กระโปรง ตาข่าย สองชั้น ลาย สก๊อต วิน เท จ เอว สูง กระโปรง มินิสเกิร์ต ตรง กระโปรง Y K แนว สตรีท แวร์ สไตล์ เกาหลี ชิค ๆ,,https://ae-pic-a1.aliexpress-media.com/kf/Sbbc588b41ac3427eaa836c6819c2ab1aV.jpg_80x80.jpg_.webp,107.48,211,0,0,//th.aliexpress.com/item/1005006974756270.html?algo_pvid=2b7dbbc9-1f77-41c6-91a3-71e019cf6048&algo_exp_id=2b7dbbc9-1f77-41c6-91a3-71e019cf6048-18&pdp_npi=4%40dis%21THB%21347.50%21107.48%21%21%2168.03%2121.04%21%4021410f5a17218098509062918e0dbe%2112000038910115301%21sea%21TH%210%21ABX&curPageLogUid=8LFi9aI7BiBi&utparam-url=scene%3Asearch%7Cquery_from%3A,Oversea,0,No brand,,
55,,กระโปรง ผู้หญิง เอว สูง สี พื้น ใหม่ กระโปรง จีบ ทรง เอ กระโปรง หนัง แฟชั่น ยาว ฤดูใบไม้ผลิ ฤดูร้อน ,,https://ae-pic-a1.aliexpress-media.com/kf/S028c57aed7124520892cb1f5fd4e3ddfF.jpg_80x80.jpg_.webp,1591.0,3,0,0,//th.aliexpress.com/item/1005006787740413.html?algo_pvid=2b7dbbc9-1f77-41c6-91a3-71e019cf6048&aem_p4p_detail=2024072401305016749657182151180000324415&algo_exp_id=2b7dbbc9-1f77-41c6-91a3-71e019cf6048-19&pdp_npi=4%40dis%21THB%211674.99%211591.24%21%21%2145.00%2142.75%21%4021410f5a17218098509062918e0dbe%2112000038301493404%21sea%21TH%210%21ABX&curPageLogUid=rEsODlvCSyU1&utparam-url=scene%3Asearch%7Cquery_from%3A&search_p4p_id=2024072401305016749657182151180000324415_5,Oversea,0,No brand,,
56,,กระโปรง สั้น กึ่ง ซีทรู สำหรับ ผู้หญิง เซ็กซี่ ชุด คลุม บิกินี่ ใส่ เดิน ชายหาด ชุดชั้นใน สี ทึบ บล็อก ต่ำ กระโปรง ดินสอ,,https://ae-pic-a1.aliexpress-media.com/kf/Se1eef8fb8f1d427ca26477bc860bee97R.jpg_80x80.jpg_.webp,74.07,41,0,0,//th.aliexpress.com/item/1005005714139951.html?algo_pvid=2b7dbbc9-1f77-41c6-91a3-71e019cf6048&algo_exp_id=2b7dbbc9-1f77-41c6-91a3-71e019cf6048-20&pdp_npi=4%40dis%21THB%21109.06%2174.07%21%21%212.93%211.99%21%4021410f5a17218098509062918e0dbe%2112000034094739442%21sea%21TH%210%21ABX&curPageLogUid=HGjp2qMT93wR&utparam-url=scene%3Asearch%7Cquery_from%3A,Oversea,0,No brand,,
57,,Realeft กระโปรง ทรง เอ ไลน์ ลาย ดอกไม้ ใหม่ กระโปรง หนึ่ง ชิ้น ยาว คลุม เข่า เอว สูง วิน เท จ สำหรับ ฤดูใบไม้ผลิ ฤดูร้อน,,https://ae-pic-a1.aliexpress-media.com/kf/S53f22334689a4863905a40c9612a9767f.jpg_80x80.jpg_.webp,290.54,404,0,0,//th.aliexpress.com/item/1005006025040618.html?algo_pvid=2b7dbbc9-1f77-41c6-91a3-71e019cf6048&algo_exp_id=2b7dbbc9-1f77-41c6-91a3-71e019cf6048-21&pdp_npi=4%40dis%21THB%21736.93%21290.54%21%21%21144.27%2156.88%21%4021410f5a17218098509062918e0dbe%2112000035374629671%21sea%21TH%210%21ABX&curPageLogUid=UK6JUr8aJrab&utparam-url=scene%3Asearch%7Cquery_from%3A,Oversea,0,No brand,,
58,,กระโปรง ROK MINI แต่ง ระบาย เอว สูง สำหรับ ผู้หญิง แฟชั่น สี พื้น หวาน แบบ Y K งาน เย็บ ปะ ติด ชุด ไป งาน เต้นรำ สำหรับ ฤดูร้อน,,https://ae-pic-a1.aliexpress-media.com/kf/Sc2aac3f67d214fb18b8de791adeed1bfO.jpg_80x80.jpg_.webp,266.62,171,0,0,//th.aliexpress.com/item/1005006948875867.html?algo_pvid=2b7dbbc9-1f77-41c6-91a3-71e019cf6048&algo_exp_id=2b7dbbc9-1f77-41c6-91a3-71e019cf6048-22&pdp_npi=4%40dis%21THB%21285.23%21266.62%21%21%2155.84%2152.20%21%4021410f5a17218098509062918e0dbe%2112000038824797554%21sea%21TH%210%21ABX&curPageLogUid=86wRtZSJ1MtZ&utparam-url=scene%3Asearch%7Cquery_from%3A,Oversea,0,No brand,,
59,,Louis Yao กระโปรง ยาว ผู้หญิง กระโปรง ยาว จับ จีบ ใหม่ แฟชั่น ลำลอง เอว สูง กระโปรง สี ทึบ ทรง เอ,,https://ae-pic-a1.aliexpress-media.com/kf/S5cc18d7c6e3b48cf942cdf66ce5186aa0.jpg_80x80.jpg_.webp,1163.0,0,0,0,//th.aliexpress.com/item/1005007246716194.html?algo_pvid=2b7dbbc9-1f77-41c6-91a3-71e019cf6048&aem_p4p_detail=2024072401305016749657182151180000324415&algo_exp_id=2b7dbbc9-1f77-41c6-91a3-71e019cf6048-23&pdp_npi=4%40dis%21THB%212238.27%211163.90%21%21%21438.19%21227.86%21%4021410f5a17218098509062918e0dbe%2112000039934813879%21sea%21TH%210%21ABX&curPageLogUid=ISehmZOcVudz&utparam-url=scene%3Asearch%7Cquery_from%3A&search_p4p_id=2024072401305016749657182151180000324415_6,Oversea,0,No brand,,
60,,กระโปรง กระโปรง มินิสเกิร์ต ทรง พอง สำหรับ ผู้หญิง กระโปรง สั้น ทรง หลวม เอว ยางยืด สี พื้น สไตล์ หวาน กระโปรง ทรง หลวม ลำลอง ฤดูร้อน,,https://ae-pic-a1.aliexpress-media.com/kf/Scf50cf24c7b049338b03e340b7eb40d8f.jpg_80x80.jpg_.webp,230.78,500,0,0,//th.aliexpress.com/item/1005006813614033.html?algo_pvid=2b7dbbc9-1f77-41c6-91a3-71e019cf6048&algo_exp_id=2b7dbbc9-1f77-41c6-91a3-71e019cf6048-24&pdp_npi=4%40dis%21THB%21249.39%21230.78%21%21%216.70%216.20%21%4021410f5a17218098509062918e0dbe%2112000040111470030%21sea%21TH%210%21ABX&curPageLogUid=Yjiknz3cIRY3&utparam-url=scene%3Asearch%7Cquery_from%3A,Oversea,0,No brand,,
61,,กระโปรง ทรง เอ สำหรับ ผู้หญิง ชุด เด รส Sablon Bunga ยาว คลุม น่อง เอว ยางยืด ทรง เอ สำหรับ ฤดูร้อน CDPFWYP ,,https://ae-pic-a1.aliexpress-media.com/kf/S264d3ab6412a45f4b436d4342c8b4cc68.jpg_80x80.jpg_.webp,59.18,64,0,0,//th.aliexpress.com/item/1005006746021195.html?algo_pvid=2b7dbbc9-1f77-41c6-91a3-71e019cf6048&algo_exp_id=2b7dbbc9-1f77-41c6-91a3-71e019cf6048-25&pdp_npi=4%40dis%21THB%2174.07%2159.18%21%21%211.99%211.59%21%4021410f5a17218098509062918e0dbe%2112000038168293518%21sea%21TH%210%21ABX&curPageLogUid=SdS2WI5BR7GU&utparam-url=scene%3Asearch%7Cquery_from%3A,Oversea,0,No brand,,
62,,กระโปรง สี ดำ เอว สูง สี ดำ แนว ฮา รา จู กุ พังค์ สไตล์ โก ธิค สำหรับ ผู้หญิง กระโปรง สี ดำ เย็บ ปะติดปะต่อ กัน แบบ พัน ผ้า พัน ผู้หญิง ขนาดเล็ก สไตล์ สตรีท แวร์ สี ดำ,,https://ae-pic-a1.aliexpress-media.com/kf/S1b6e7a7ab9fd4acba1ce19e2ffe0505b6.jpg_80x80.jpg_.webp,304.08,500,0,0,//th.aliexpress.com/item/1005006772478455.html?algo_pvid=2b7dbbc9-1f77-41c6-91a3-71e019cf6048&algo_exp_id=2b7dbbc9-1f77-41c6-91a3-71e019cf6048-26&pdp_npi=4%40dis%21THB%21720.13%21304.08%21%21%21140.98%2159.53%21%4021410f5a17218098509062918e0dbe%2112000038250481260%21sea%21TH%210%21ABX&curPageLogUid=u2H4z26e0GG5&utparam-url=scene%3Asearch%7Cquery_from%3A,Oversea,0,No brand,,
63,,ผม เชื่อ ว่า ใหม่ Elegant Mercerized Midi กระโปรง ผู้หญิง ฤดูร้อน เอว ยืดหยุ่น เอว หวาน กระโปรง หญิง Robe ,,https://ae-pic-a1.aliexpress-media.com/kf/Seb191cc3e1524a68896b145dc1784286f.jpg_80x80.jpg_.webp,806.6,1,0,0,//th.aliexpress.com/item/1005004139472884.html?algo_pvid=2b7dbbc9-1f77-41c6-91a3-71e019cf6048&aem_p4p_detail=2024072401305016749657182151180000324415&algo_exp_id=2b7dbbc9-1f77-41c6-91a3-71e019cf6048-27&pdp_npi=4%40dis%21THB%21806.60%21806.60%21%21%2121.67%2121.67%21%4021410f5a17218098509062918e0dbe%2112000028161700550%21sea%21TH%210%21ABX&curPageLogUid=0UcfEEKEaRzT&utparam-url=scene%3Asearch%7Cquery_from%3A&search_p4p_id=2024072401305016749657182151180000324415_7,Oversea,0,No brand,,
64,,กระโปรง ยาว ปัก เลื่อม สำหรับ ผู้หญิง กระโปรง ทรง เอ สำหรับ งานแต่งงาน กระโปรง เพื่อนเจ้าสาว กระโปรง ผ้า ยืด,,https://ae-pic-a1.aliexpress-media.com/kf/Se34b3a7ddec142ccbce30e5ecdeab80bh.jpg_80x80.jpg_.webp,341.01,1,0,0,//th.aliexpress.com/item/1005007226836581.html?algo_pvid=2b7dbbc9-1f77-41c6-91a3-71e019cf6048&algo_exp_id=2b7dbbc9-1f77-41c6-91a3-71e019cf6048-28&pdp_npi=4%40dis%21THB%21809.87%21341.01%21%21%21158.55%2166.76%21%4021410f5a17218098509062918e0dbe%2112000039877891661%21sea%21TH%210%21ABX&curPageLogUid=RY4rXOpxzuaN&utparam-url=scene%3Asearch%7Cquery_from%3A,Oversea,0,No brand,,
65,,กระโปรง เด็กผู้หญิง กระโปรง ขนาดเล็ก ของ เด็กผู้หญิง สี ทึบ เอว ยางยืด เรียบง่าย ลำลอง ใหม่ ฤดูใบไม้ผลิ และ ฤดูร้อน,,https://ae-pic-a1.aliexpress-media.com/kf/Se8967c1159ad4ee2901c3e6a28d02cd9w.jpg_80x80.jpg_.webp,198.77,115,0,0,//th.aliexpress.com/item/1005005754066087.html?algo_pvid=2b7dbbc9-1f77-41c6-91a3-71e019cf6048&algo_exp_id=2b7dbbc9-1f77-41c6-91a3-71e019cf6048-29&pdp_npi=4%40dis%21THB%21241.57%21198.77%21%21%216.49%215.34%21%4021410f5a17218098509062918e0dbe%2112000034231943381%21sea%21TH%210%21ABX&curPageLogUid=VkfAKaBQ0WfI&utparam-url=scene%3Asearch%7Cquery_from%3A,Oversea,0,No brand,,
66,,กระโปรง ทรง เอ มี จีบ สำหรับ ผู้หญิง กระโปรง ทรง เอ แนว สวย หวาน มี ระบายสี ขาว เอว ยางยืด เด รส ฮา รา จู กุ สไตล์ เกาหลี เรียบง่าย เรียบง่าย ฤดูร้อน,,https://ae-pic-a1.aliexpress-media.com/kf/Sbbdf5c13ae1445ad994049dd8c719f6fD.jpeg_80x80.jpeg_.webp,123.36,74,0,0,//th.aliexpress.com/item/1005007197180104.html?algo_pvid=2b7dbbc9-1f77-41c6-91a3-71e019cf6048&algo_exp_id=2b7dbbc9-1f77-41c6-91a3-71e019cf6048-30&pdp_npi=4%40dis%21THB%21381.26%21123.36%21%21%2174.64%2124.15%21%4021410f5a17218098509062918e0dbe%2112000039769021935%21sea%21TH%210%21ABX&curPageLogUid=ng0cpGIjdHyq&utparam-url=scene%3Asearch%7Cquery_from%3A,Oversea,0,No brand,,
67,,Zanzea กระโปรง เอว สูง สำหรับ ผู้หญิง กระโปรง ฟู ลด้า อัด พลี ท สวิง MODE Korea Jupe สไตล์ วิน เท จก ระ โปรง ยาว พื้น ทรง หลวม ใส่ ใน วันหยุด,,https://ae-pic-a1.aliexpress-media.com/kf/S62741180ecf0496dbf8a593d5c6684af6.jpg_80x80.jpg_.webp,293.68,59,0,0,//th.aliexpress.com/item/1005006506214779.html?algo_pvid=2b7dbbc9-1f77-41c6-91a3-71e019cf6048&aem_p4p_detail=2024072401305016749657182151180000324415&algo_exp_id=2b7dbbc9-1f77-41c6-91a3-71e019cf6048-31&pdp_npi=4%40dis%21THB%21293.68%21293.68%21%21%217.89%217.89%21%4021410f5a17218098509062918e0dbe%2112000037448255615%21sea%21TH%210%21ABX&curPageLogUid=k8RkDw9nrroR&utparam-url=scene%3Asearch%7Cquery_from%3A&search_p4p_id=2024072401305016749657182151180000324415_8,Oversea,0,No brand,,
68,,ชุด ไป คลับ กระโปรง จีบ สั้น เอว สูง กระโปรง ผ้า ยืด ทรง เอ แฟชั่น ใหม่ ฤดูใบไม้ผลิ ฤดูร้อน Y k,,https://ae-pic-a1.aliexpress-media.com/kf/Sdffe6451044a4b4aa7e717ab976b0d7cZ.jpg_80x80.jpg_.webp,164.22,2000,0,0,//th.aliexpress.com/item/1005005643021562.html?algo_pvid=2b7dbbc9-1f77-41c6-91a3-71e019cf6048&algo_exp_id=2b7dbbc9-1f77-41c6-91a3-71e019cf6048-32&pdp_npi=4%40dis%21THB%21468.15%21164.22%21%21%2191.65%2132.15%21%4021410f5a17218098509062918e0dbe%2112000034835058593%21sea%21TH%210%21ABX&curPageLogUid=Lw3APSnOlA5y&utparam-url=scene%3Asearch%7Cquery_from%3A,Oversea,0,No brand,,
69,,Iamsure กระโปรง ทรง เอ ผ้า พัน ปะ แบบ เรียบง่าย กระโปรง มินิสเกิร์ต เอว ต่ำ ลำลอง ฤดูร้อน แฟชั่น สตรีท แวร์ ,,https://ae-pic-a1.aliexpress-media.com/kf/Sdc4c96490dc4400085c13ab9e3d14ecdQ.jpg_80x80.jpg_.webp,131.48,188,0,0,//th.aliexpress.com/item/1005006748214107.html?algo_pvid=2b7dbbc9-1f77-41c6-91a3-71e019cf6048&algo_exp_id=2b7dbbc9-1f77-41c6-91a3-71e019cf6048-33&pdp_npi=4%40dis%21THB%21398.53%21131.48%21%21%2178.02%2125.74%21%4021410f5a17218098509062918e0dbe%2112000038175180699%21sea%21TH%210%21ABX&curPageLogUid=iPXe8AZhZNei&utparam-url=scene%3Asearch%7Cquery_from%3A,Oversea,0,No brand,,
70,,กระโปรง ยาว ทรง เค้ก เอว สูง ของ ผู้หญิง กระโปรง ครึ่ง เอว ยางยืด กระโปรง ผ้า ชีฟอง สี ดำ สี ขาว เรียบง่าย ชุด เด รส ลำลอง สำหรับ นักเรียน ฤดูใบไม้ผลิ ฤดูร้อน,,https://ae-pic-a1.aliexpress-media.com/kf/S7b92531599e640c6b67ba0a74b25bc66Z.jpg_80x80.jpg_.webp,211.48,2,0,0,//th.aliexpress.com/item/1005007359280352.html?algo_pvid=2b7dbbc9-1f77-41c6-91a3-71e019cf6048&algo_exp_id=2b7dbbc9-1f77-41c6-91a3-71e019cf6048-34&pdp_npi=4%40dis%21THB%21427.34%21211.48%21%21%2183.66%2141.40%21%4021410f5a17218098509062918e0dbe%2112000040415712119%21sea%21TH%210%21ABX&curPageLogUid=r8uTBhHVvDfu&utparam-url=scene%3Asearch%7Cquery_from%3A,Oversea,0,No brand,,
71,,Sentubila กระโปรง เอว สูง แบบ ผ่า หน้า สำหรับ ผู้หญิง กระโปรง ใส่ ทำงาน แบบ เรียบง่าย กระโปรง สำหรับ ฤดูร้อน กระโปรง พลี ทท รง ร่ม กระโปรง Q สำหรับ ผู้หญิง,,https://ae-pic-a1.aliexpress-media.com/kf/See6e9964b5c74afaa17d6b4655f07a4fG.jpg_80x80.jpg_.webp,2047.0,0,0,0,//th.aliexpress.com/item/1005006895868872.html?algo_pvid=2b7dbbc9-1f77-41c6-91a3-71e019cf6048&aem_p4p_detail=2024072401305016749657182151180000324415&algo_exp_id=2b7dbbc9-1f77-41c6-91a3-71e019cf6048-35&pdp_npi=4%40dis%21THB%213721.84%212047.03%21%21%21728.63%21400.75%21%4021410f5a17218098509062918e0dbe%2112000038646701850%21sea%21TH%210%21ABX&curPageLogUid=N9BoEeq1DZDD&utparam-url=scene%3Asearch%7Cquery_from%3A&search_p4p_id=2024072401305016749657182151180000324415_9,Oversea,0,No brand,,
72,,กางเกงขาสั้น เอว สูง ผ้า โพ ลี เอสเตอร์ เอว สูง ทรง เอ อเนกประสงค์ สำหรับ ผู้หญิง กางเกง เข้ารูป เอว สูง ผ้า ไอซ์ สำหรับ ฤดูร้อน,,https://ae-pic-a1.aliexpress-media.com/kf/Sa9ca146e1b2445df9a9f6a2dec9e78e1Y.png_80x80.png_.webp,176.06,174,0,0,//th.aliexpress.com/item/1005006370110765.html?algo_pvid=2b66bd4a-0902-42b7-8d94-bc8af1a2526f&algo_exp_id=2b66bd4a-0902-42b7-8d94-bc8af1a2526f-0&pdp_npi=4%40dis%21THB%21389.34%21176.06%21%21%2110.46%214.73%21%402101363e17218098630197268ef420%2112000036928411909%21sea%21TH%210%21AB&curPageLogUid=NRGLXiCxmbi5&utparam-url=scene%3Asearch%7Cquery_from%3A,Oversea,0,No brand,,
73,,ชุด มินิ เด รส เอว สูง สี ดำ สำหรับ ผู้หญิง ตัวเล็ก กระโปรง cewek seksi เข้า รูปทรง เอ ไลน์ สำหรับ ฤดูใบไม้ร่วง ฤดูหนาว สไตล์ ใหม่,,https://ae-pic-a1.aliexpress-media.com/kf/Sf7daa8e7d0464b4596c73878cf66af22W.jpg_80x80.jpg_.webp,129.53,230,0,0,//th.aliexpress.com/item/1005007166228959.html?algo_pvid=2b66bd4a-0902-42b7-8d94-bc8af1a2526f&algo_exp_id=2b66bd4a-0902-42b7-8d94-bc8af1a2526f-1&pdp_npi=4%40dis%21THB%21370.73%21129.53%21%21%219.96%213.48%21%402101363e17218098630197268ef420%2112000039675740643%21sea%21TH%210%21AB&curPageLogUid=Jq4QG7OAyMHK&utparam-url=scene%3Asearch%7Cquery_from%3A,Oversea,0,No brand,,
74,,กระโปรง ผ้า ลูกฟูก ทันสมัย สำหรับ ผู้หญิง กระโปรง แฟชั่น เอว สูง คลุม สะโพก ทรง เอ แนว ลำลอง ใหม่ ชุด มินิ เด รส,,https://ae-pic-a1.aliexpress-media.com/kf/Sb87289f180354c15a3a434e2d706665dc.jpg_80x80.jpg_.webp,137.73,49,0,0,//th.aliexpress.com/item/1005006826776339.html?algo_pvid=2b66bd4a-0902-42b7-8d94-bc8af1a2526f&algo_exp_id=2b66bd4a-0902-42b7-8d94-bc8af1a2526f-2&pdp_npi=4%40dis%21THB%21387.11%21137.73%21%21%2110.40%213.70%21%402101363e17218098630197268ef420%2112000038429316306%21sea%21TH%210%21AB&curPageLogUid=MBprnL7b6w5m&utparam-url=scene%3Asearch%7Cquery_from%3A,Oversea,0,No brand,,
75,,Micoco กระโปรง ญี่ปุ่น Q C สี ตัดกัน ทรง หลวม มี กระเป๋า ขนาดใหญ่ กระโปรง ลาย ดอกไม้,,https://ae-pic-a1.aliexpress-media.com/kf/Se41dbe4d1b6740ba8d55f5ae4d01e0c4a.jpg_80x80.jpg_.webp,2475.0,0,0,0,//th.aliexpress.com/item/1005007333299199.html?algo_pvid=2b66bd4a-0902-42b7-8d94-bc8af1a2526f&aem_p4p_detail=2024072401310391050803163960000324709&algo_exp_id=2b66bd4a-0902-42b7-8d94-bc8af1a2526f-3&pdp_npi=4%40dis%21THB%214950.54%212475.27%21%21%21133.00%2166.50%21%402101363e17218098630197268ef420%2112000040306599980%21sea%21TH%210%21AB&curPageLogUid=h22Ren6hgZr4&utparam-url=scene%3Asearch%7Cquery_from%3A&search_p4p_id=2024072401310391050803163960000324709_1,Oversea,0,No brand,,
76,,เด รส ยาว เอว สูง กระโปรง Tweed สลิม มิ่ง สไตล์ เกาหลี ใหม่ ฤดูใบไม้ผลิ ฤดูร้อน,,https://ae-pic-a1.aliexpress-media.com/kf/S17e7985d89004e6e92af8744cf96971dC.jpg_80x80.jpg_.webp,443.69,33,0,0,//th.aliexpress.com/item/1005007038248741.html?algo_pvid=2b66bd4a-0902-42b7-8d94-bc8af1a2526f&algo_exp_id=2b66bd4a-0902-42b7-8d94-bc8af1a2526f-4&pdp_npi=4%40dis%21THB%21999.04%21443.69%21%21%2126.84%2111.92%21%402101363e17218098630197268ef420%2112000039179649480%21sea%21TH%210%21AB&curPageLogUid=UZs7FtUbMYqK&utparam-url=scene%3Asearch%7Cquery_from%3A,Oversea,0,No brand,,
77,,กระโปรง สั้น ผ้า ส แป นเด็กซ์ เอว สูง สไตล์ ญี่ปุ่น ของแท้ สำหรับ ธุรกิจ,,https://ae-pic-a1.aliexpress-media.com/kf/S5f1b5d88c767431f8056bc84a7a0fd81L.jpg_80x80.jpg_.webp,211.8,29,0,0,//th.aliexpress.com/item/1005007011584766.html?algo_pvid=2b66bd4a-0902-42b7-8d94-bc8af1a2526f&algo_exp_id=2b66bd4a-0902-42b7-8d94-bc8af1a2526f-5&pdp_npi=4%40dis%21THB%21423.59%21211.80%21%21%2111.38%215.69%21%402101363e17218098630197268ef420%2112000039059666461%21sea%21TH%210%21AB&curPageLogUid=8v2alXgqfL7c&utparam-url=scene%3Asearch%7Cquery_from%3A,Oversea,0,No brand,,
78,,กระโปรง ลายตา ผ้า บาง สี ดำ และ สี ขาว สำหรับ เด็กผู้หญิง ขนาดเล็ก กระโปรง สั้น ทรง หลวม ขนาดใหญ่ กระโปรง ทรง ยาว สำหรับ นักเรียน ใส่ ใน ช่วง ฤดูร้อน,,https://ae-pic-a1.aliexpress-media.com/kf/Se37b3c5919544010baa6fc916e8193174.jpg_80x80.jpg_.webp,124.33,12,0,0,//th.aliexpress.com/item/1005007276129100.html?algo_pvid=2b66bd4a-0902-42b7-8d94-bc8af1a2526f&algo_exp_id=2b66bd4a-0902-42b7-8d94-bc8af1a2526f-6&pdp_npi=4%40dis%21THB%21367.67%21124.33%21%21%2171.98%2124.34%21%402101363e17218098630197268ef420%2112000040034528885%21sea%21TH%210%21AB&curPageLogUid=SgllAdsWmhjN&utparam-url=scene%3Asearch%7Cquery_from%3A,Oversea,0,No brand,,
79,,Sentubila กระโปรง เอว สูง แบบ ผ่า หน้า สำหรับ ผู้หญิง กระโปรง ใส่ ทำงาน แบบ เรียบง่าย กระโปรง สำหรับ ฤดูร้อน กระโปรง พลี ทท รง ร่ม กระโปรง Q สำหรับ ผู้หญิง,,https://ae-pic-a1.aliexpress-media.com/kf/See6e9964b5c74afaa17d6b4655f07a4fG.jpg_80x80.jpg_.webp,2047.0,0,0,0,//th.aliexpress.com/item/1005006895868872.html?algo_pvid=2b66bd4a-0902-42b7-8d94-bc8af1a2526f&aem_p4p_detail=2024072401310391050803163960000324709&algo_exp_id=2b66bd4a-0902-42b7-8d94-bc8af1a2526f-7&pdp_npi=4%40dis%21THB%213721.84%212047.03%21%21%21728.63%21400.75%21%402101363e17218098630197268ef420%2112000038646701850%21sea%21TH%210%21AB&curPageLogUid=pZahOOcMGZpV&utparam-url=scene%3Asearch%7Cquery_from%3A&search_p4p_id=2024072401310391050803163960000324709_2,Oversea,0,No brand,,
80,,กระโปรง กระโปรง สั่น ยาว ถึง เข่า ซม สำหรับ ผู้หญิง ชั้น กระโปรง เอว สูง เข็มขัด ยืด กระโปรง มี จีบ คอสเพลย์,,https://ae-pic-a1.aliexpress-media.com/kf/H6fdd5e60ee1441dcaf5f84c16b78febfi.jpg_80x80.jpg_.webp,70.73,167,0,0,//th.aliexpress.com/item/32905430269.html?algo_pvid=2b66bd4a-0902-42b7-8d94-bc8af1a2526f&algo_exp_id=2b66bd4a-0902-42b7-8d94-bc8af1a2526f-8&pdp_npi=4%40dis%21THB%21446.67%2170.73%21%21%2112.00%211.90%21%402101363e17218098630197268ef420%2165802591547%21sea%21TH%210%21AB&curPageLogUid=abLxBgevYLaw&utparam-url=scene%3Asearch%7Cquery_from%3A,Oversea,0,No brand,,
81,,กระโปรง สั้น เอว ยืด ได้ อเนกประสงค์ สำหรับ ผู้หญิง กระโปรง ขนาดเล็ก ของ เด็กผู้หญิง ทรง เอ ที่ สง่างาม เหมาะกับ ทุก ROK high waist กระโปรง สั้น สุด ชิค,,https://ae-pic-a1.aliexpress-media.com/kf/Sf73dde5067eb4fef8d5eb172eff431aad.jpg_80x80.jpg_.webp,117.84,4,0,0,//th.aliexpress.com/item/1005006845518623.html?algo_pvid=2b66bd4a-0902-42b7-8d94-bc8af1a2526f&algo_exp_id=2b66bd4a-0902-42b7-8d94-bc8af1a2526f-9&pdp_npi=4%40dis%21THB%21181.28%21117.84%21%21%2135.49%2123.07%21%402101363e17218098630197268ef420%2112000038494319767%21sea%21TH%210%21AB&curPageLogUid=ZBeTFOwJxPYI&utparam-url=scene%3Asearch%7Cquery_from%3A,Oversea,0,No brand,,
82,,PLUS ขนาด Harajuku Punk สไตล์ กระโปรง ผู้หญิง สูง เอว หัวเข็มขัด ไม่ สม่ำเสมอ กระโปรง โก ธิค สี ดำ Hip Hop Streetwear ได้ อย่าง อิสระ,,https://ae-pic-a1.aliexpress-media.com/kf/He8aab3d34f5f423f95f94931eeb650d5e.jpg_80x80.jpg_.webp,316.76,115,0,0,//th.aliexpress.com/item/1005001298519575.html?algo_pvid=2b66bd4a-0902-42b7-8d94-bc8af1a2526f&algo_exp_id=2b66bd4a-0902-42b7-8d94-bc8af1a2526f-10&pdp_npi=4%40dis%21THB%21316.76%21316.76%21%21%218.51%218.51%21%402101363e17218098630197268ef420%2112000015621897726%21sea%21TH%210%21AB&curPageLogUid=QOsRuPdukxck&utparam-url=scene%3Asearch%7Cquery_from%3A,Oversea,0,No brand,,
83,,กระโปรง ผู้หญิง ทรง หลวม สี ดำ สไตล์ อังกฤษ กระโปรง ยาว ครึ่ง ฤดูใบไม้ผลิ ฤดูร้อน,,https://ae-pic-a1.aliexpress-media.com/kf/S845e29d05b0f43e9b64b9ee54cb1fc69l.jpg_80x80.jpg_.webp,1240.0,0,0,0,//th.aliexpress.com/item/1005006855728225.html?algo_pvid=2b66bd4a-0902-42b7-8d94-bc8af1a2526f&aem_p4p_detail=2024072401310391050803163960000324709&algo_exp_id=2b66bd4a-0902-42b7-8d94-bc8af1a2526f-11&pdp_npi=4%40dis%21THB%211306.50%211240.99%21%21%2135.10%2133.34%21%402101363e17218098630197268ef420%2112000038525812328%21sea%21TH%210%21AB&curPageLogUid=Ejdv8E2wpst6&utparam-url=scene%3Asearch%7Cquery_from%3A&search_p4p_id=2024072401310391050803163960000324709_3,Oversea,0,No brand,,
84,,กระโปรง สั้น มี ซิป Sablon Bunga สำหรับ ผู้หญิง ฤดูร้อน เอว กลาง กระโปรง มี จีบ ฟิต พิมพ์ ลาย WSL สวย หวาน,,https://ae-pic-a1.aliexpress-media.com/kf/H8d9f4eb0f2704449be728835e93084e3i.jpg_80x80.jpg_.webp,173.45,363,0,0,//th.aliexpress.com/item/1005002893645795.html?algo_pvid=2b66bd4a-0902-42b7-8d94-bc8af1a2526f&algo_exp_id=2b66bd4a-0902-42b7-8d94-bc8af1a2526f-12&pdp_npi=4%40dis%21THB%21173.45%21173.45%21%21%214.66%214.66%21%402101363e17218098630197268ef420%2112000022656086394%21sea%21TH%210%21AB&curPageLogUid=l7clTrX0yI4d&utparam-url=scene%3Asearch%7Cquery_from%3A,Oversea,0,No brand,,
85,,กระโปรง ลาย ลูกไม้ สำหรับ เด็กผู้หญิง กระโปรง ลาย Blogger ฉบับ ภาษา เกาหลี ฤดูร้อน ฤดูใบไม้ผลิ Y k,,https://ae-pic-a1.aliexpress-media.com/kf/Sc1e6b2d1dc1b47a4be255c58d99547c5f.jpg_80x80.jpg_.webp,44.52,58,0,0,//th.aliexpress.com/item/1005006911707246.html?algo_pvid=2b66bd4a-0902-42b7-8d94-bc8af1a2526f&algo_exp_id=2b66bd4a-0902-42b7-8d94-bc8af1a2526f-13&pdp_npi=4%40dis%21THB%2163.13%2144.52%21%21%2112.36%218.72%21%402101363e17218098630197268ef420%2112000038702346544%21sea%21TH%210%21AB&curPageLogUid=symQHhc3aESG&utparam-url=scene%3Asearch%7Cquery_from%3A,Oversea,0,No brand,,
86,,ทั้งหมด ผู้หญิง กระโปรง สั้น แฟชั่น ผ้า ตาหมากรุก สีแดง จีบ กระโปรง Streetwear ลาย สก๊อต ปุ่ม ด้าน ข้าง กระโปรง สตรี Casual กระโปรง มินิ,,https://ae-pic-a1.aliexpress-media.com/kf/H136440e1a825471fb10687dbf1e00505M.png_80x80.png_.webp,249.02,323,0,0,//th.aliexpress.com/item/4000995680656.html?algo_pvid=2b66bd4a-0902-42b7-8d94-bc8af1a2526f&algo_exp_id=2b66bd4a-0902-42b7-8d94-bc8af1a2526f-14&pdp_npi=4%40dis%21THB%21249.02%21249.02%21%21%216.69%216.69%21%402101363e17218098630197268ef420%2112000023294076765%21sea%21TH%210%21AB&curPageLogUid=B88sMfLqXnE2&utparam-url=scene%3Asearch%7Cquery_from%3A,Oversea,0,No brand,,
87,,Miyake กระโปรง มี จีบ แฟชั่น มี พู่ สามชั้น ดีไซน์ ใหม่ สไตล์ สี ทึบ ย้อนยุค สัมผัส รูป ตัว วี ,,https://ae-pic-a1.aliexpress-media.com/kf/Sb5162baa97c04db6895dabf53f866135u.jpg_80x80.jpg_.webp,1207.0,0,0,0,//th.aliexpress.com/item/1005007260322866.html?algo_pvid=2b66bd4a-0902-42b7-8d94-bc8af1a2526f&aem_p4p_detail=2024072401310391050803163960000324709&algo_exp_id=2b66bd4a-0902-42b7-8d94-bc8af1a2526f-15&pdp_npi=4%40dis%21THB%211271.13%211207.59%21%21%21248.85%21236.41%21%402101363e17218098630197268ef420%2112000039980185160%21sea%21TH%210%21AB&curPageLogUid=H436w1geRz9C&utparam-url=scene%3Asearch%7Cquery_from%3A&search_p4p_id=2024072401310391050803163960000324709_4,Oversea,0,No brand,,
88,,กระโปรง ผ้า ชีฟอง ไซส์ ใหญ่ พิเศษ กระโปรง ยาว เอว สูง กระโปรง เต้นรำ หรูหรา สีชมพู ดำแดง ฟ้า ขาว ขาว สำหรับ ฤดูร้อน ใหม่,,https://ae-pic-a1.aliexpress-media.com/kf/Se3bc5dddead949e0add8f974217a2514K.jpg_80x80.jpg_.webp,340.14,110,0,0,//th.aliexpress.com/item/1005007136901105.html?algo_pvid=2b66bd4a-0902-42b7-8d94-bc8af1a2526f&algo_exp_id=2b66bd4a-0902-42b7-8d94-bc8af1a2526f-16&pdp_npi=4%40dis%21THB%21800.27%21340.14%21%21%21156.67%2166.59%21%402101363e17218098630197268ef420%2112000039535544770%21sea%21TH%210%21AB&curPageLogUid=GG4r7Qdzjjj9&utparam-url=scene%3Asearch%7Cquery_from%3A,Oversea,0,No brand,,
89,,กระโปรง ผู้หญิง แนว สตรีท สปอร์ต ฮา รา จู กุ กางเกง แฟชั่น แนว ฮิปฮอป สีชมพู หวาน ลาย จุด สีชมพู พังก์ ร็อค เซ็กซี่ กางเกง แฟชั่น มินิ กระโปรง สอบ,,https://ae-pic-a1.aliexpress-media.com/kf/S77a9ee5f61844099a5825ad4b12e8e88j.jpg_80x80.jpg_.webp,142.66,88,0,0,//th.aliexpress.com/item/1005007147062164.html?algo_pvid=2b66bd4a-0902-42b7-8d94-bc8af1a2526f&algo_exp_id=2b66bd4a-0902-42b7-8d94-bc8af1a2526f-17&pdp_npi=4%40dis%21THB%21285.33%21142.66%21%21%2155.86%2127.93%21%402101363e17218098630197268ef420%2112000039581784735%21sea%21TH%210%21AB&curPageLogUid=o7JMK2PUMqLk&utparam-url=scene%3Asearch%7Cquery_from%3A,Oversea,0,No brand,,
90,,กระโปรง Midi ประดับ เลื่อม สำหรับ ผู้หญิง ใส่ ใน สำนักงาน ทรง ตรง เอว สูง ดีไซน์ เรียบง่าย เก๋ไก๋ สไตล์ ยุโรป ฤดูใบไม้ร่วง,,https://ae-pic-a1.aliexpress-media.com/kf/S71198267bebc4e99be655c5597a631b7g.jpg_80x80.jpg_.webp,381.53,79,0,0,//th.aliexpress.com/item/1005006315562857.html?algo_pvid=2b66bd4a-0902-42b7-8d94-bc8af1a2526f&algo_exp_id=2b66bd4a-0902-42b7-8d94-bc8af1a2526f-18&pdp_npi=4%40dis%21THB%21385.25%21381.53%21%21%2110.35%2110.25%21%402101363e17218098630197268ef420%2112000036732662942%21sea%21TH%210%21AB&curPageLogUid=secC2KFvg4xo&utparam-url=scene%3Asearch%7Cquery_from%3A,Oversea,0,No brand,,
91,,Alyssa ชุด กระโปรง มืออาชีพ สำหรับ ผู้หญิง สง่างาม ฤดูใบไม้ผลิ และ ฤดูร้อน ใหม่ แฟชั่น,,https://ae-pic-a1.aliexpress-media.com/kf/S7d66afce90d84a7684f1a10296df6a5bJ.jpg_80x80.jpg_.webp,1813.0,0,0,0,//th.aliexpress.com/item/1005006307160081.html?algo_pvid=2b66bd4a-0902-42b7-8d94-bc8af1a2526f&aem_p4p_detail=2024072401310391050803163960000324709&algo_exp_id=2b66bd4a-0902-42b7-8d94-bc8af1a2526f-19&pdp_npi=4%40dis%21THB%211813.34%211813.34%21%21%21355.00%21355.00%21%402101363e17218098630197268ef420%2112000036697911660%21sea%21TH%210%21AB&curPageLogUid=WJ32C7qoGyfT&utparam-url=scene%3Asearch%7Cquery_from%3A&search_p4p_id=2024072401310391050803163960000324709_5,Oversea,0,No brand,,
92,,TOTRUST แฟชั่น ไม่ สมมาตร กระโปรง ผู้หญิง ฤดูร้อน กระโปรง ลาย สก๊อต ผู้หญิง นักเรียน ปลอม เสื้อ กระโปรง มินิ หญิง Saia,,https://ae-pic-a1.aliexpress-media.com/kf/Hbf231b8af7a14fde9b65f155172e62a6P.jpg_80x80.jpg_.webp,310.06,49,0,0,//th.aliexpress.com/item/4000963463655.html?algo_pvid=2b66bd4a-0902-42b7-8d94-bc8af1a2526f&algo_exp_id=2b66bd4a-0902-42b7-8d94-bc8af1a2526f-20&pdp_npi=4%40dis%21THB%21387.48%21310.06%21%21%2110.41%218.33%21%402101363e17218098630197268ef420%2112000023318373967%21sea%21TH%210%21AB&curPageLogUid=0ZrLMGE7QB7X&utparam-url=scene%3Asearch%7Cquery_from%3A,Oversea,0,No brand,,
93,,ญี่ปุ่น Ruffles กระโปรง มี จีบ ผู้หญิง เอว สูง ข้อ เท้าความ ยาว กระโปรง ผู้หญิง สไตล์ วิทยาลัย สี ดำ Patchwork กระโปรง ALine,,https://ae-pic-a1.aliexpress-media.com/kf/Scc517e1c06af4573ab7b1d4efa60017cp.jpg_80x80.jpg_.webp,294.87,150,0,0,//th.aliexpress.com/item/1005005343358777.html?algo_pvid=2b66bd4a-0902-42b7-8d94-bc8af1a2526f&algo_exp_id=2b66bd4a-0902-42b7-8d94-bc8af1a2526f-21&pdp_npi=4%40dis%21THB%21313.48%21294.87%21%21%2161.37%2157.73%21%402101363e17218098630197268ef420%2112000032685293588%21sea%21TH%210%21AB&curPageLogUid=n3r4M8NUBsuk&utparam-url=scene%3Asearch%7Cquery_from%3A,Oversea,0,No brand,,
94,,กระโปรง ผ้า ยีนส์ เด็กผู้หญิง กระโปรง ยีนส์ สี ฟ้า โบว์ แบบ จีบ เก๋ไก๋ Years เด็ก ๆ กระโปรง ยีนส์ สี ฟ้า อ่อนหวาน สำหรับ ฤดูร้อน ,,https://ae-pic-a1.aliexpress-media.com/kf/Sf19f5483d87e4549a9d471982194dc60L.jpg_80x80.jpg_.webp,253.11,7,0,0,//th.aliexpress.com/item/1005006979862056.html?algo_pvid=2b66bd4a-0902-42b7-8d94-bc8af1a2526f&algo_exp_id=2b66bd4a-0902-42b7-8d94-bc8af1a2526f-22&pdp_npi=4%40dis%21THB%21361.80%21253.11%21%21%219.72%216.80%21%402101363e17218098630197268ef420%2112000038926030106%21sea%21TH%210%21AB&curPageLogUid=Xacj1IEMqsN1&utparam-url=scene%3Asearch%7Cquery_from%3A,Oversea,0,No brand,,
95,,Amii กระโปรง ทรง ครึ่ง ท่อน แบบ มินิ มอ ลลิสม์ สำหรับ ผู้หญิง กระโปรง ยาว คลุม เข่า พิมพ์ ลาย ดอกไม้ สไตล์ จีน หรูหรา ฤดูใบไม้ผลิ,,https://ae-pic-a1.aliexpress-media.com/kf/S25dc3adaa3a549579399e62ddcac4b62O.jpg_80x80.jpg_.webp,2791.0,2,0,0,//th.aliexpress.com/item/1005006371245203.html?algo_pvid=2b66bd4a-0902-42b7-8d94-bc8af1a2526f&aem_p4p_detail=2024072401310391050803163960000324709&algo_exp_id=2b66bd4a-0902-42b7-8d94-bc8af1a2526f-23&pdp_npi=4%40dis%21THB%214652.76%212791.66%21%21%21125.00%2175.00%21%402101363e17218098630197268ef420%2112000036932080579%21sea%21TH%210%21AB&curPageLogUid=5zKqjVYSVfRP&utparam-url=scene%3Asearch%7Cquery_from%3A&search_p4p_id=2024072401310391050803163960000324709_6,Oversea,0,No brand,,
96,,กระโปรง ยาว ผ้า ลินิน ผ้าฝ้าย ที่ มี คุณภาพ สูง ของ ผู้หญิง ลำลอง เอว สูง ยืดหยุ่น ได้ ทรง เอ ไลน์ กระโปรง ยาว พริ้ว โบ ฮี เมีย น ผู้หญิง Faldas Jupe,,https://ae-pic-a1.aliexpress-media.com/kf/S9ba47d2ec5434642be66562d788ab031Y.jpg_80x80.jpg_.webp,297.59,73,0,0,//th.aliexpress.com/item/1005005992290399.html?algo_pvid=2b66bd4a-0902-42b7-8d94-bc8af1a2526f&algo_exp_id=2b66bd4a-0902-42b7-8d94-bc8af1a2526f-24&pdp_npi=4%40dis%21THB%21297.59%21297.59%21%21%2158.26%2158.26%21%402101363e17218098630197268ef420%2112000035212129586%21sea%21TH%210%21AB&curPageLogUid=JbAmMlbljYKt&utparam-url=scene%3Asearch%7Cquery_from%3A,Oversea,0,No brand,,
97,,Akyzo ชุด ปาร์ตี้ เอว สูง ของ ผู้หญิง ชุด คลับ แวร์ แต่ง พู่ สี ดำ ROK MINI ฤดูร้อน,,https://ae-pic-a1.aliexpress-media.com/kf/S1b71cbda9547480a838f0863fc364cb3q.jpg_80x80.jpg_.webp,224.07,21,0,0,//th.aliexpress.com/item/1005005892647232.html?algo_pvid=2b66bd4a-0902-42b7-8d94-bc8af1a2526f&algo_exp_id=2b66bd4a-0902-42b7-8d94-bc8af1a2526f-25&pdp_npi=4%40dis%21THB%21476.44%21224.07%21%21%2112.80%216.02%21%402101363e17218098630197268ef420%2112000034732449282%21sea%21TH%210%21AB&curPageLogUid=rOHLkrunQ4Y5&utparam-url=scene%3Asearch%7Cquery_from%3A,Oversea,0,No brand,,
98,,คา วา อิก ระ โปรง ตาข่าย จีบ เป็นชั้นๆ เอว ต่ำ สไตล์ โล ลิ ต้า กระโปรง ตุ๊กตา Y K กระโปรง มินิสเกิร์ต สไตล์ ญี่ปุ่น,,https://ae-pic-a1.aliexpress-media.com/kf/Sc4439bf3522f42aeadccf7b8244a4bff8.jpg_80x80.jpg_.webp,240.46,103,0,0,//th.aliexpress.com/item/1005006139413848.html?algo_pvid=2b66bd4a-0902-42b7-8d94-bc8af1a2526f&algo_exp_id=2b66bd4a-0902-42b7-8d94-bc8af1a2526f-26&pdp_npi=4%40dis%21THB%21286.24%21240.46%21%21%217.69%216.46%21%402101363e17218098630197268ef420%2112000035937046872%21sea%21TH%210%21AB&curPageLogUid=80O3CYKbm0Df&utparam-url=scene%3Asearch%7Cquery_from%3A,Oversea,0,No brand,,
99,,Ethereal MD กระโปรง ยาว ปานกลาง แบบ ถัก ตรง ยาว ปานกลาง แบบ ลำลอง สไตล์ ฤดูใบไม้ร่วง,,https://ae-pic-a1.aliexpress-media.com/kf/S805c767e1f1a4f8e87ec81422389bf63e.jpg_80x80.jpg_.webp,1471.0,0,0,0,//th.aliexpress.com/item/1005006237838436.html?algo_pvid=2b66bd4a-0902-42b7-8d94-bc8af1a2526f&aem_p4p_detail=2024072401310391050803163960000324709&algo_exp_id=2b66bd4a-0902-42b7-8d94-bc8af1a2526f-27&pdp_npi=4%40dis%21THB%212043.20%211471.10%21%21%21400.00%21288.00%21%402101363e17218098630197268ef420%2112000036416434056%21sea%21TH%210%21AB&curPageLogUid=PwrAZIV54dgl&utparam-url=scene%3Asearch%7Cquery_from%3A&search_p4p_id=2024072401310391050803163960000324709_7,Oversea,0,No brand,,
100,,กระโปรง สั้น ผ้า ชีฟอง สี ล้วน สำหรับ ฤดูร้อน กระโปรง แฟชั่น สำหรับ ผู้หญิง เอว ยางยืด มี จีบ ROK MINI ชายหาด Faldas Saias,,https://ae-pic-a1.aliexpress-media.com/kf/H56108e70d4cd4e068ddbba4e7e79e0f5Y.jpg_80x80.jpg_.webp,307.15,321,0,0,//th.aliexpress.com/item/1005006698525068.html?algo_pvid=2b66bd4a-0902-42b7-8d94-bc8af1a2526f&algo_exp_id=2b66bd4a-0902-42b7-8d94-bc8af1a2526f-28&pdp_npi=4%40dis%21THB%21726.36%21307.15%21%21%21142.20%2160.13%21%402101363e17218098630197268ef420%2112000038038357466%21sea%21TH%210%21AB&curPageLogUid=ouCgpKFjMHPl&utparam-url=scene%3Asearch%7Cquery_from%3A,Oversea,0,No brand,,
101,, กระโปรง สั้น สไตล์ เกาหลี สำหรับ ผู้หญิง เอว สูง เซ็กซี่ ROK Mini นักเรียน สั้น จีบ ญี่ปุ่น น่ารัก สีชมพู ฤดูใบไม้ผลิ ฤดูใบไม้ผลิ,,https://ae-pic-a1.aliexpress-media.com/kf/S71eddbad4c1247d7b6156e316a72963dc.jpg_80x80.jpg_.webp,113.3,5,0,0,//th.aliexpress.com/item/1005007295331033.html?algo_pvid=2b66bd4a-0902-42b7-8d94-bc8af1a2526f&algo_exp_id=2b66bd4a-0902-42b7-8d94-bc8af1a2526f-29&pdp_npi=4%40dis%21THB%21113.30%21113.30%21%21%2122.18%2122.18%21%402101363e17218098630197268ef420%2112000040098396670%21sea%21TH%210%21AB&curPageLogUid=0WbSqVJB11IZ&utparam-url=scene%3Asearch%7Cquery_from%3A,Oversea,0,No brand,,
102,,กระโปรง ยาว ทรง เค้ก เอว สูง ของ ผู้หญิง กระโปรง ครึ่ง เอว ยางยืด กระโปรง ผ้า ชีฟอง สี ดำ สี ขาว เรียบง่าย ชุด เด รส ลำลอง สำหรับ นักเรียน ฤดูใบไม้ผลิ ฤดูร้อน,,https://ae-pic-a1.aliexpress-media.com/kf/S7b92531599e640c6b67ba0a74b25bc66Z.jpg_80x80.jpg_.webp,211.48,2,0,0,//th.aliexpress.com/item/1005007359280352.html?algo_pvid=2b66bd4a-0902-42b7-8d94-bc8af1a2526f&algo_exp_id=2b66bd4a-0902-42b7-8d94-bc8af1a2526f-30&pdp_npi=4%40dis%21THB%21427.34%21211.48%21%21%2183.66%2141.40%21%402101363e17218098630197268ef420%2112000040415712121%21sea%21TH%210%21AB&curPageLogUid=FogQ8DMTAPU1&utparam-url=scene%3Asearch%7Cquery_from%3A,Oversea,0,No brand,,
103,,TOyouth กระโปรง ผู้หญิง กระโปรง อัด พลี ท ฤดูใบไม้ผลิ ใหม่ เอว ยางยืด กระโปรง ทรง เอ มี กระเป๋า,,https://ae-pic-a1.aliexpress-media.com/kf/Sf153851551b8422d9e9c234bdca56392D.jpg_80x80.jpg_.webp,5302.0,0,0,0,//th.aliexpress.com/item/1005006802170723.html?algo_pvid=2b66bd4a-0902-42b7-8d94-bc8af1a2526f&aem_p4p_detail=2024072401310391050803163960000324709&algo_exp_id=2b66bd4a-0902-42b7-8d94-bc8af1a2526f-31&pdp_npi=4%40dis%21THB%219640.52%215302.28%21%21%21259.00%21142.45%21%402101363e17218098630197268ef420%2112000038352497579%21sea%21TH%210%21AB&curPageLogUid=Gqar7c55XUQ2&utparam-url=scene%3Asearch%7Cquery_from%3A&search_p4p_id=2024072401310391050803163960000324709_8,Oversea,0,No brand,,
